transaction_id,ledger_status,credited_amount,credited_date,duplicate_flag,notes
TXN1001,reconciled,19900,2026-07-16,no,
TXN1002,reconciled,19900,2026-08-19,no,
TXN1003,reconciled,9900,2026-07-20,no,
TXN1004,reconciled,199900,2026-07-26,no,
TXN1005,reconciled,199900,2026-08-21,no,
TXN1006,reconciled,499900,2026-08-04,no,
TXN1007,reconciled,29900,2026-07-17,no,
TXN1008,reconciled,9900,2026-08-07,no,
TXN1009,pending,,,no,
TXN1010,reconciled,499900,2026-08-19,no,
TXN1011,reconciled,499900,2026-07-25,no,
TXN1013,reconciled,49900,2026-08-10,yes,possible_duplicate_entry
TXN1013,reconciled,49900,2026-08-10,yes,possible_duplicate_entry
TXN1014,reconciled,19900,2026-07-07,no,
TXN1015,reconciled,29900,2026-07-22,no,
TXN1016,reconciled,49900,2026-08-08,no,
TXN1017,pending,,,no,
TXN1018,reconciled,49900,2026-07-07,no,
TXN1019,reconciled,999900,2026-07-13,no,
TXN1020,pending,,,no,
TXN1021,reconciled,19900,2026-08-20,no,
TXN1023,reconciled,49900,2026-08-06,no,
TXN1024,reconciled,99900,2026-08-14,yes,possible_duplicate_entry
TXN1024,reconciled,99900,2026-08-14,yes,possible_duplicate_entry
TXN1025,reconciled,9900,2026-08-30,no,
TXN1026,pending,,,no,
TXN1027,reconciled,199900,2026-08-20,no,
TXN1029,reconciled,49900,2026-08-16,no,
TXN1030,reconciled,99900,2026-07-12,no,
TXN1031,pending,,,no,
TXN1032,reconciled,9900,2026-07-24,no,
TXN1033,pending,,,no,
TXN1034,reconciled,9900,2026-07-27,no,
TXN1036,reconciled,9900,2026-07-17,yes,possible_duplicate_entry
TXN1036,reconciled,9900,2026-07-17,yes,possible_duplicate_entry
TXN1037,reconciled,999900,2026-08-20,no,
TXN1038,reconciled,199900,2026-07-10,no,
TXN1039,reconciled,99900,2026-08-27,no,
TXN1040,reconciled,49900,2026-08-30,no,
TXN1041,reconciled,199900,2026-08-13,no,
TXN1042,pending,,,no,
TXN1043,reconciled,499900,2026-07-12,no,
TXN1044,pending,,,no,
TXN1045,reconciled,99900,2026-07-14,no,
TXN1046,reconciled,49900,2026-08-01,no,
TXN1047,pending,,,no,
TXN1048,reconciled,199900,2026-07-25,no,
TXN1049,pending,,,no,
TXN1050,reconciled,999900,2026-07-18,no,
TXN1051,reconciled,29900,2026-08-29,no,
TXN1052,reconciled,9900,2026-08-09,yes,possible_duplicate_entry
TXN1052,reconciled,9900,2026-08-09,yes,possible_duplicate_entry
TXN1053,pending,,,no,
TXN1054,reconciled,9900,2026-07-26,no,
TXN1055,reconciled,99900,2026-08-13,no,
TXN1056,reconciled,19900,2026-08-31,no,
TXN1057,reconciled,9900,2026-08-22,no,
TXN1058,pending,,,no,
TXN1059,reconciled,9900,2026-07-27,yes,possible_duplicate_entry
TXN1059,reconciled,9900,2026-07-27,yes,possible_duplicate_entry
TXN1060,pending,,,no,
TXN1061,reconciled,199900,2026-08-01,no,
TXN1062,reconciled,999900,2026-08-07,no,
TXN1063,reconciled,99900,2026-07-10,yes,possible_duplicate_entry
TXN1063,reconciled,99900,2026-07-10,yes,possible_duplicate_entry
TXN1064,pending,199900,,no,awaiting_amount_confirmation
TXN1065,reconciled,49900,2026-08-02,no,
TXN1066,reconciled,499900,2026-08-14,no,
TXN1067,pending,,,no,
TXN1068,reconciled,29900,2026-08-20,no,
TXN1069,pending,,,no,
TXN1071,pending,,,no,
TXN1072,reconciled,9900,2026-08-23,no,
TXN1073,reconciled,999900,2026-08-13,no,
TXN1074,reconciled,29900,2026-08-22,no,
TXN1075,pending,,,no,
TXN1076,reconciled,49900,2026-07-06,no,
TXN1077,reconciled,99900,2026-08-26,no,
TXN1078,reconciled,9900,2026-07-17,no,
TXN1079,reconciled,99900,2026-09-01,no,
TXN1080,reconciled,999900,2026-08-03,no,
TXN1081,reconciled,99900,2026-07-12,no,
TXN1082,reconciled,9900,2026-08-04,no,
TXN1084,reconciled,99900,2026-09-02,no,
TXN1085,reconciled,29900,2026-07-05,no,
TXN1086,reconciled,999900,2026-08-23,yes,possible_duplicate_entry
TXN1086,reconciled,999900,2026-08-23,yes,possible_duplicate_entry
TXN1087,pending,,,no,
TXN1088,reconciled,999900,2026-08-05,no,
TXN1089,reconciled,49900,2026-08-31,no,
TXN1090,reconciled,199900,2026-07-08,no,
TXN1091,pending,,,no,
TXN1092,pending,499900,,no,awaiting_amount_confirmation
TXN1094,reconciled,199900,2026-08-24,no,
TXN1095,reconciled,49900,2026-07-06,no,
TXN1096,reconciled,29900,2026-08-05,no,
TXN1097,reconciled,999900,2026-08-18,no,
TXN1099,pending,,,no,
TXN1100,pending,,,no,
TXN1101,reconciled,99900,2026-08-16,no,
TXN1102,reconciled,499900,2026-08-10,no,
TXN1103,reconciled,99900,2026-08-09,no,
TXN1104,pending,,,no,
TXN1107,pending,,,no,
TXN1108,reconciled,199900,2026-08-07,no,
TXN1109,pending,29900,,no,awaiting_amount_confirmation
TXN1110,reconciled,9900,2026-07-09,no,
TXN1111,reconciled,49900,2026-08-14,no,
TXN1112,pending,,,no,
TXN1115,reconciled,199900,2026-07-25,no,
TXN1116,reconciled,49900,2026-08-12,no,
TXN1117,reconciled,199900,2026-07-20,no,
TXN1118,reconciled,199900,2026-07-29,yes,possible_duplicate_entry
TXN1118,reconciled,199900,2026-07-29,yes,possible_duplicate_entry
TXN1119,reconciled,499900,2026-08-14,no,
TXN1120,reconciled,199900,2026-07-15,no,
TXN1121,reconciled,99900,2026-07-07,no,
TXN1122,reconciled,9900,2026-07-17,no,
TXN1123,reconciled,199900,2026-07-26,no,
TXN1124,reconciled,499900,2026-07-25,no,
TXN1125,reconciled,999900,2026-07-21,no,
TXN1126,reconciled,29900,2026-08-14,no,
TXN1127,reconciled,49900,2026-07-28,no,
TXN1128,pending,,,no,
TXN1129,pending,,,no,
TXN1130,reconciled,19900,2026-08-06,no,
TXN1131,reconciled,29900,2026-08-01,no,
TXN1132,pending,99900,,no,awaiting_amount_confirmation
TXN1133,reconciled,999900,2026-07-22,no,
TXN1134,reconciled,99900,2026-07-27,no,
TXN1135,pending,,,no,
TXN1136,reconciled,9900,2026-07-05,no,
TXN1137,reconciled,199900,2026-08-01,no,
TXN1138,pending,,,no,
TXN1139,pending,,,no,
TXN1140,pending,,,no,
TXN1141,reconciled,199900,2026-07-21,yes,possible_duplicate_entry
TXN1141,reconciled,199900,2026-07-21,yes,possible_duplicate_entry
TXN1142,reconciled,29900,2026-08-11,no,
TXN1143,pending,,,no,
TXN1144,pending,,,no,
TXN1145,reconciled,999900,2026-07-29,no,
TXN1146,pending,,,no,
TXN1147,reconciled,19900,2026-08-27,no,
TXN1148,reconciled,999900,2026-07-06,no,
TXN1149,pending,,,no,
TXN1150,reconciled,999900,2026-07-15,no,
TXN1151,reconciled,29900,2026-07-04,no,
TXN1152,reconciled,49900,2026-07-23,no,
TXN1153,reconciled,99900,2026-09-01,no,
TXN1154,pending,,,no,
TXN1155,pending,,,no,
TXN1156,reconciled,199900,2026-07-10,no,
TXN1157,reconciled,99900,2026-08-31,no,
TXN1158,pending,,,no,
TXN1159,pending,,,no,
TXN1160,reconciled,19900,2026-07-26,no,
TXN1161,reconciled,499900,2026-07-20,no,
TXN1162,reconciled,499900,2026-07-31,no,
TXN1163,reconciled,49900,2026-08-10,no,
TXN1164,reconciled,19900,2026-08-24,no,
TXN1165,pending,,,no,
TXN1166,pending,,,no,
TXN1167,reconciled,19900,2026-07-22,no,
TXN1168,reconciled,29900,2026-08-01,no,
TXN1169,pending,,,no,
TXN1170,pending,,,no,
TXN1171,pending,,,no,
TXN1172,reconciled,9900,2026-07-30,no,
TXN1173,reconciled,49900,2026-08-16,no,
TXN1174,reconciled,199900,2026-08-31,no,
TXN1175,pending,99900,,no,awaiting_amount_confirmation
TXN1176,pending,,,no,
TXN1177,reconciled,29900,2026-07-31,no,
TXN1178,pending,,,no,
TXN1180,reconciled,99900,2026-08-31,no,
TXN1181,reconciled,99900,2026-07-25,no,
TXN1182,reconciled,99900,2026-07-15,no,
TXN1183,pending,,,no,
TXN1184,reconciled,199900,2026-07-04,no,
TXN1185,reconciled,29900,2026-07-12,no,
TXN1186,reconciled,99900,2026-08-12,no,
TXN1188,reconciled,499900,2026-07-11,no,
TXN1189,reconciled,29900,2026-07-20,no,
TXN1190,reconciled,199900,2026-07-31,yes,possible_duplicate_entry
TXN1190,reconciled,199900,2026-07-31,yes,possible_duplicate_entry
TXN1191,reconciled,99900,2026-08-02,no,
TXN1192,pending,,,no,
TXN1193,pending,499900,,no,awaiting_amount_confirmation
TXN1194,reconciled,99900,2026-08-19,no,
TXN1195,reconciled,49900,2026-08-30,no,
TXN1196,pending,499900,,no,awaiting_amount_confirmation
TXN1197,reconciled,49900,2026-07-17,yes,possible_duplicate_entry
TXN1197,reconciled,49900,2026-07-17,yes,possible_duplicate_entry
TXN1198,reconciled,999900,2026-07-04,yes,possible_duplicate_entry
TXN1198,reconciled,999900,2026-07-04,yes,possible_duplicate_entry
TXN1199,reconciled,999900,2026-07-31,yes,possible_duplicate_entry
TXN1199,reconciled,999900,2026-07-31,yes,possible_duplicate_entry
TXN1200,reconciled,29900,2026-07-23,no,
TXN1201,reconciled,499900,2026-07-31,no,
TXN1202,reconciled,49900,2026-08-17,no,
TXN1203,reconciled,49900,2026-07-23,no,
TXN1204,reconciled,199900,2026-08-20,no,
TXN1205,reconciled,199900,2026-07-05,no,
TXN1206,pending,,,no,
TXN1207,reconciled,499900,2026-07-27,no,
TXN1208,reconciled,49900,2026-08-28,no,
TXN1209,pending,,,no,
TXN1210,reconciled,499900,2026-07-20,no,
TXN1211,reconciled,49900,2026-07-17,no,
TXN1212,reconciled,999900,2026-08-23,yes,possible_duplicate_entry
TXN1212,reconciled,999900,2026-08-23,yes,possible_duplicate_entry
TXN1213,pending,,,no,
TXN1214,pending,,,no,
TXN1215,pending,49900,,no,awaiting_amount_confirmation
TXN1216,pending,,,no,
TXN1217,pending,,,no,
TXN1218,pending,,,no,
TXN1219,reconciled,499900,2026-07-28,no,
TXN1220,pending,,,no,
TXN1221,reconciled,49900,2026-08-20,yes,possible_duplicate_entry
TXN1221,reconciled,49900,2026-08-20,yes,possible_duplicate_entry
TXN1222,reconciled,999900,2026-07-20,no,
TXN1224,pending,,,no,
TXN1225,reconciled,499900,2026-08-25,no,
TXN1226,reconciled,999900,2026-08-23,no,
TXN1227,reconciled,19900,2026-07-16,no,
TXN1228,pending,,,no,
TXN1229,reconciled,499900,2026-08-31,no,
TXN1230,reconciled,29900,2026-08-21,no,
TXN1231,reconciled,499900,2026-07-27,no,
TXN1232,reconciled,999900,2026-07-25,no,
TXN1233,pending,,,no,
TXN1234,reconciled,9900,2026-07-05,no,
TXN1235,pending,,,no,
TXN1236,pending,,,no,
TXN1237,reconciled,999900,2026-08-18,yes,possible_duplicate_entry
TXN1237,reconciled,999900,2026-08-18,yes,possible_duplicate_entry
TXN1238,reconciled,99900,2026-07-19,no,
TXN1239,reconciled,19900,2026-09-01,no,
TXN1240,reconciled,999900,2026-07-29,no,
TXN1241,reconciled,199900,2026-09-01,no,
TXN1242,reconciled,99900,2026-08-02,no,
TXN1243,pending,,,no,
TXN1244,pending,9900,,no,awaiting_amount_confirmation
TXN1245,reconciled,49900,2026-08-13,no,
TXN1246,pending,,,no,
TXN1247,pending,,,no,
TXN1248,reconciled,49900,2026-07-22,no,
TXN1250,reconciled,9900,2026-07-23,no,
TXN1251,pending,,,no,
TXN1252,reconciled,29900,2026-08-31,no,
TXN1253,reconciled,199900,2026-07-13,no,
TXN1254,reconciled,99900,2026-07-12,no,
TXN1255,reconciled,999900,2026-07-13,no,
TXN1256,pending,,,no,
TXN1257,reconciled,19900,2026-08-22,no,
TXN1258,pending,999900,,no,awaiting_amount_confirmation
TXN1259,pending,,,no,
TXN1260,reconciled,29900,2026-08-23,no,
TXN1261,reconciled,999900,2026-08-21,no,
TXN1262,reconciled,999900,2026-08-24,no,
TXN1263,pending,,,no,
TXN1264,pending,,,no,
TXN1265,reconciled,49900,2026-07-10,no,
TXN1266,pending,,,no,
TXN1267,reconciled,99900,2026-07-30,no,
TXN1268,pending,,,no,
TXN1269,pending,,,no,
TXN1270,pending,,,no,
TXN1271,pending,,,no,
TXN1272,pending,,,no,
TXN1273,reconciled,999900,2026-07-07,no,
TXN1276,reconciled,19900,2026-08-20,no,
TXN1277,reconciled,19900,2026-07-20,no,
TXN1279,reconciled,9900,2026-07-23,no,
TXN1280,pending,999900,,no,awaiting_amount_confirmation
TXN1281,pending,,,no,
TXN1282,pending,49900,,no,awaiting_amount_confirmation
TXN1283,reconciled,19900,2026-07-09,yes,possible_duplicate_entry
TXN1283,reconciled,19900,2026-07-09,yes,possible_duplicate_entry
TXN1284,pending,,,no,
TXN1285,reconciled,499900,2026-08-15,no,
TXN1286,reconciled,29900,2026-08-27,no,
TXN1287,reconciled,19900,2026-07-19,yes,possible_duplicate_entry
TXN1287,reconciled,19900,2026-07-19,yes,possible_duplicate_entry
TXN1288,pending,,,no,
TXN1289,reconciled,9900,2026-08-02,no,
TXN1290,pending,99900,,no,awaiting_amount_confirmation
TXN1291,reconciled,199900,2026-08-01,no,
TXN1292,reconciled,9900,2026-07-11,no,
TXN1293,pending,,,no,
TXN1294,reconciled,199900,2026-07-12,no,
TXN1295,reconciled,499900,2026-07-08,no,
TXN1296,reconciled,199900,2026-08-15,no,
TXN1297,reconciled,49900,2026-09-01,no,
TXN1298,reconciled,499900,2026-08-27,no,
TXN1299,pending,,,no,
TXN1300,reconciled,9900,2026-07-23,no,
TXN1301,pending,99900,,no,awaiting_amount_confirmation
TXN1302,reconciled,19900,2026-08-11,no,
TXN1303,reconciled,9900,2026-07-11,no,
TXN1304,reconciled,29900,2026-07-03,no,
TXN1305,reconciled,9900,2026-07-12,no,
TXN1306,pending,,,no,
TXN1307,pending,,,no,
TXN1308,reconciled,499900,2026-08-11,no,
TXN1309,pending,,,no,
TXN1310,pending,,,no,
TXN1312,pending,,,no,
TXN1313,reconciled,199900,2026-08-19,no,
TXN1314,reconciled,499900,2026-07-06,no,
TXN1315,reconciled,29900,2026-07-04,no,
TXN1316,reconciled,49900,2026-07-30,no,
TXN1317,reconciled,29900,2026-07-20,no,
TXN1318,reconciled,499900,2026-08-28,no,
TXN1319,reconciled,29900,2026-07-20,no,
TXN1320,reconciled,9900,2026-08-07,no,
TXN1321,pending,,,no,
TXN1322,reconciled,49900,2026-07-20,no,
TXN1324,reconciled,19900,2026-08-15,no,
TXN1325,pending,,,no,
TXN1326,reconciled,499900,2026-08-31,no,
TXN1327,reconciled,9900,2026-07-28,no,
TXN1328,reconciled,999900,2026-08-27,no,
TXN1329,reconciled,999900,2026-08-28,no,
TXN1330,pending,,,no,
TXN1331,reconciled,19900,2026-07-21,no,
TXN1332,reconciled,999900,2026-07-07,no,
TXN1333,pending,999900,,no,awaiting_amount_confirmation
TXN1334,pending,99900,,no,awaiting_amount_confirmation
TXN1335,pending,,,no,
TXN1336,reconciled,19900,2026-07-29,no,
TXN1337,reconciled,999900,2026-07-25,no,
TXN1338,reconciled,49900,2026-07-16,no,
TXN1339,reconciled,999900,2026-07-09,no,
TXN1340,reconciled,49900,2026-07-16,no,
TXN1341,pending,,,no,
TXN1342,reconciled,9900,2026-08-30,no,
TXN1343,reconciled,9900,2026-08-10,no,
TXN1344,reconciled,19900,2026-08-31,no,
TXN1345,pending,99900,,no,awaiting_amount_confirmation
TXN1346,reconciled,9900,2026-08-17,yes,possible_duplicate_entry
TXN1346,reconciled,9900,2026-08-17,yes,possible_duplicate_entry
TXN1347,reconciled,99900,2026-08-04,no,
TXN1348,reconciled,199900,2026-07-23,no,
TXN1349,reconciled,199900,2026-08-16,yes,possible_duplicate_entry
TXN1349,reconciled,199900,2026-08-16,yes,possible_duplicate_entry
TXN1350,reconciled,499900,2026-07-22,no,
TXN1351,reconciled,9900,2026-07-19,no,
TXN1352,reconciled,29900,2026-08-22,no,
TXN1353,reconciled,49900,2026-08-19,no,
TXN1354,reconciled,9900,2026-07-26,no,
TXN1355,reconciled,29900,2026-08-20,no,
TXN1356,reconciled,29900,2026-07-24,no,
TXN1357,reconciled,499900,2026-08-07,no,
TXN1358,pending,,,no,
TXN1359,reconciled,499900,2026-07-27,no,
TXN1360,reconciled,199900,2026-07-08,no,
TXN1361,reconciled,499900,2026-08-19,no,
TXN1362,pending,,,no,
TXN1363,reconciled,999900,2026-08-25,no,
TXN1364,pending,,,no,
TXN1365,reconciled,19900,2026-08-27,no,
TXN1366,reconciled,499900,2026-08-23,no,
TXN1367,reconciled,19900,2026-07-10,no,
TXN1368,reconciled,999900,2026-08-28,no,
TXN1369,pending,,,no,
TXN1370,reconciled,19900,2026-07-12,no,
TXN1371,reconciled,29900,2026-08-24,no,
TXN1372,reconciled,999900,2026-07-24,no,
TXN1373,reconciled,9900,2026-08-16,no,
TXN1374,pending,,,no,
TXN1375,pending,999900,,no,awaiting_amount_confirmation
TXN1376,reconciled,499900,2026-07-12,no,
TXN1377,reconciled,19900,2026-07-16,no,
TXN1378,pending,,,no,
TXN1379,pending,,,no,
TXN1380,pending,,,no,
TXN1381,reconciled,49900,2026-07-05,no,
TXN1382,reconciled,19900,2026-08-04,yes,possible_duplicate_entry
TXN1382,reconciled,19900,2026-08-04,yes,possible_duplicate_entry
TXN1383,reconciled,499900,2026-08-02,yes,possible_duplicate_entry
TXN1383,reconciled,499900,2026-08-02,yes,possible_duplicate_entry
TXN1384,reconciled,199900,2026-07-08,no,
TXN1385,pending,,,no,
TXN1386,reconciled,99900,2026-07-06,no,
TXN1387,reconciled,499900,2026-08-14,no,
TXN1388,pending,,,no,
TXN1389,pending,,,no,
TXN1390,reconciled,99900,2026-07-04,no,
TXN1391,pending,,,no,
TXN1392,reconciled,999900,2026-07-21,no,
TXN1393,reconciled,29900,2026-07-27,no,
TXN1394,reconciled,199900,2026-07-13,no,
TXN1395,reconciled,499900,2026-08-11,no,
TXN1396,reconciled,999900,2026-07-12,no,
TXN1397,reconciled,19900,2026-08-17,no,
TXN1398,reconciled,99900,2026-08-12,yes,possible_duplicate_entry
TXN1398,reconciled,99900,2026-08-12,yes,possible_duplicate_entry
TXN1399,reconciled,49900,2026-07-11,no,
TXN1400,reconciled,199900,2026-08-28,no,
TXN1401,pending,,,no,
TXN1402,reconciled,19900,2026-08-30,no,
TXN1403,pending,,,no,
TXN1404,reconciled,499900,2026-08-14,no,
TXN1405,reconciled,9900,2026-07-26,no,
TXN1406,pending,,,no,
TXN1407,reconciled,9900,2026-08-04,no,
TXN1408,pending,,,no,
TXN1409,pending,,,no,
TXN1410,pending,,,no,
TXN1411,pending,199900,,no,awaiting_amount_confirmation
TXN1413,pending,,,no,
TXN1414,pending,29900,,no,awaiting_amount_confirmation
TXN1415,reconciled,9900,2026-07-09,no,
TXN1416,reconciled,29900,2026-07-03,no,
TXN1417,reconciled,9900,2026-07-30,no,
TXN1418,reconciled,99900,2026-07-27,no,
TXN1419,pending,,,no,
TXN1420,reconciled,29900,2026-08-22,no,
TXN1421,reconciled,19900,2026-08-07,no,
TXN1422,reconciled,9900,2026-07-27,no,
TXN1423,pending,,,no,
TXN1424,reconciled,999900,2026-08-22,no,
TXN1425,reconciled,199900,2026-07-25,no,
TXN1426,reconciled,499900,2026-07-26,no,
TXN1428,pending,19900,,no,awaiting_amount_confirmation
TXN1429,reconciled,9900,2026-07-27,no,
TXN1430,reconciled,29900,2026-07-23,no,
TXN1431,pending,,,no,
TXN1432,pending,,,no,
TXN1433,pending,29900,,no,awaiting_amount_confirmation
TXN1434,reconciled,29900,2026-07-04,no,
TXN1435,reconciled,499900,2026-07-24,no,
TXN1436,pending,49900,,no,awaiting_amount_confirmation
TXN1437,reconciled,9900,2026-08-29,no,
TXN1438,pending,,,no,
TXN1439,reconciled,49900,2026-07-05,no,
TXN1440,reconciled,99900,2026-07-05,no,
TXN1441,reconciled,999900,2026-07-15,no,
TXN1442,pending,499900,,no,awaiting_amount_confirmation
TXN1443,pending,,,no,
TXN1444,reconciled,199900,2026-07-07,no,
TXN1445,pending,,,no,
TXN1446,pending,,,no,
TXN1447,reconciled,199900,2026-07-07,no,
TXN1448,reconciled,9900,2026-07-13,yes,possible_duplicate_entry
TXN1448,reconciled,9900,2026-07-13,yes,possible_duplicate_entry
TXN1449,pending,,,no,
TXN1450,reconciled,99900,2026-07-29,no,
TXN1451,reconciled,499900,2026-08-09,no,
TXN1452,reconciled,49900,2026-08-06,no,
TXN1453,reconciled,999900,2026-07-07,no,
TXN1454,reconciled,9900,2026-08-27,no,
TXN1455,reconciled,99900,2026-08-10,yes,possible_duplicate_entry
TXN1455,reconciled,99900,2026-08-10,yes,possible_duplicate_entry
TXN1456,reconciled,49900,2026-07-28,no,
TXN1457,pending,,,no,
TXN1458,reconciled,499900,2026-08-29,no,
TXN1459,pending,,,no,
TXN1460,pending,,,no,
TXN1461,reconciled,19900,2026-07-04,no,
TXN1462,pending,,,no,
TXN1463,pending,,,no,
TXN1464,reconciled,99900,2026-08-06,no,
TXN1465,reconciled,19900,2026-08-13,no,
TXN1466,reconciled,99900,2026-07-31,yes,possible_duplicate_entry
TXN1466,reconciled,99900,2026-07-31,yes,possible_duplicate_entry
TXN1467,reconciled,499900,2026-08-06,no,
TXN1468,pending,,,no,
TXN1469,reconciled,99900,2026-08-22,no,
TXN1470,reconciled,999900,2026-08-13,no,
TXN1471,reconciled,999900,2026-08-20,no,
TXN1472,pending,999900,,no,awaiting_amount_confirmation
TXN1473,reconciled,29900,2026-07-06,no,
TXN1474,reconciled,999900,2026-07-17,no,
TXN1475,pending,,,no,
TXN1476,pending,,,no,
TXN1477,reconciled,9900,2026-07-14,no,
TXN1478,reconciled,999900,2026-08-24,no,
TXN1479,pending,,,no,
TXN1480,pending,,,no,
TXN1481,reconciled,999900,2026-08-15,no,
TXN1482,reconciled,29900,2026-08-01,no,
TXN1483,pending,,,no,
TXN1484,pending,499900,,no,awaiting_amount_confirmation
TXN1486,pending,,,no,
TXN1487,reconciled,19900,2026-07-06,no,
TXN1488,pending,,,no,
TXN1489,reconciled,99900,2026-07-05,no,
TXN1490,pending,,,no,
TXN1491,pending,999900,,no,awaiting_amount_confirmation
TXN1492,pending,,,no,
TXN1493,pending,,,no,
TXN1494,reconciled,9900,2026-07-26,no,
TXN1495,reconciled,99900,2026-07-31,yes,possible_duplicate_entry
TXN1495,reconciled,99900,2026-07-31,yes,possible_duplicate_entry
TXN1496,reconciled,29900,2026-08-09,no,
TXN1497,reconciled,19900,2026-07-14,no,
TXN1499,reconciled,9900,2026-08-29,no,
TXN1500,reconciled,499900,2026-07-16,no,
TXN1501,reconciled,19900,2026-07-27,no,
TXN1502,reconciled,49900,2026-08-07,no,
TXN1503,reconciled,499900,2026-07-21,no,
TXN1504,reconciled,199900,2026-07-24,no,
TXN1505,pending,49900,,no,awaiting_amount_confirmation
TXN1506,reconciled,19900,2026-08-04,no,
TXN1507,reconciled,9900,2026-08-23,no,
TXN1508,reconciled,99900,2026-07-09,no,
TXN1509,reconciled,19900,2026-08-02,no,
TXN1510,reconciled,99900,2026-08-02,no,
TXN1512,reconciled,99900,2026-08-23,no,
TXN1513,reconciled,49900,2026-08-18,no,
TXN1515,reconciled,19900,2026-08-14,no,
TXN1516,reconciled,99900,2026-07-16,no,
TXN1517,pending,49900,,no,awaiting_amount_confirmation
TXN1518,reconciled,999900,2026-08-23,no,
TXN1519,reconciled,49900,2026-08-30,yes,possible_duplicate_entry
TXN1519,reconciled,49900,2026-08-30,yes,possible_duplicate_entry
TXN1520,pending,,,no,
TXN1521,pending,,,no,
TXN1522,pending,499900,,no,awaiting_amount_confirmation
TXN1523,reconciled,499900,2026-07-26,no,
TXN1524,pending,,,no,
TXN1525,pending,,,no,
TXN1526,reconciled,29900,2026-08-28,no,
TXN1527,reconciled,499900,2026-07-14,no,
TXN1528,pending,9900,,no,awaiting_amount_confirmation
TXN1529,reconciled,99900,2026-08-04,no,
TXN1530,pending,,,no,
TXN1531,pending,,,no,
TXN1532,reconciled,99900,2026-07-06,no,
TXN1533,reconciled,29900,2026-07-17,yes,possible_duplicate_entry
TXN1533,reconciled,29900,2026-07-17,yes,possible_duplicate_entry
TXN1534,reconciled,19900,2026-07-10,no,
TXN1535,pending,,,no,
TXN1536,reconciled,99900,2026-07-25,no,
TXN1537,reconciled,49900,2026-08-21,no,
TXN1538,reconciled,199900,2026-07-29,no,
TXN1539,reconciled,199900,2026-08-25,no,
TXN1540,reconciled,999900,2026-07-14,no,
TXN1541,pending,,,no,
TXN1542,pending,,,no,
TXN1543,pending,,,no,
TXN1544,reconciled,499900,2026-08-01,no,
TXN1545,reconciled,199900,2026-07-15,no,
TXN1547,reconciled,29900,2026-07-17,no,
TXN1548,reconciled,19900,2026-08-04,no,
TXN1549,pending,49900,,no,awaiting_amount_confirmation
TXN1550,reconciled,19900,2026-07-30,no,
TXN1551,reconciled,99900,2026-07-06,no,
TXN1552,pending,,,no,
TXN1553,reconciled,49900,2026-08-27,no,
TXN1554,pending,,,no,
TXN1555,reconciled,199900,2026-08-04,no,
TXN1556,reconciled,199900,2026-07-29,no,
TXN1557,reconciled,49900,2026-08-17,no,
TXN1558,pending,,,no,
TXN1559,reconciled,999900,2026-07-29,no,
TXN1560,reconciled,499900,2026-08-01,no,
TXN1561,reconciled,499900,2026-07-28,no,
TXN1562,reconciled,499900,2026-07-09,no,
TXN1563,reconciled,199900,2026-07-10,no,
TXN1564,pending,,,no,
TXN1565,pending,,,no,
TXN1566,reconciled,29900,2026-07-22,no,
TXN1567,reconciled,999900,2026-08-05,no,
TXN1568,reconciled,999900,2026-07-19,no,
TXN1569,reconciled,199900,2026-07-27,no,
TXN1570,reconciled,49900,2026-07-24,no,
TXN1571,reconciled,9900,2026-08-04,no,
TXN1572,reconciled,99900,2026-08-17,no,
TXN1573,reconciled,29900,2026-08-29,no,
TXN1574,reconciled,19900,2026-08-22,no,
TXN1575,reconciled,49900,2026-08-21,no,
TXN1576,pending,,,no,
TXN1577,pending,,,no,
TXN1578,reconciled,999900,2026-08-03,yes,possible_duplicate_entry
TXN1578,reconciled,999900,2026-08-03,yes,possible_duplicate_entry
TXN1579,pending,,,no,
TXN1580,reconciled,199900,2026-07-25,no,
TXN1581,reconciled,499900,2026-07-15,no,
TXN1582,reconciled,9900,2026-07-11,no,
TXN1583,pending,,,no,
TXN1584,reconciled,19900,2026-07-09,no,
TXN1586,pending,199900,,no,awaiting_amount_confirmation
TXN1587,reconciled,999900,2026-08-01,no,
TXN1588,reconciled,19900,2026-07-19,no,
TXN1589,reconciled,29900,2026-07-06,no,
TXN1590,pending,,,no,
TXN1592,reconciled,99900,2026-08-30,no,
TXN1593,reconciled,29900,2026-08-30,no,
TXN1594,reconciled,999900,2026-08-26,no,
TXN1595,reconciled,99900,2026-07-30,no,
TXN1596,reconciled,999900,2026-08-23,no,
TXN1597,reconciled,9900,2026-07-05,no,
TXN1598,reconciled,29900,2026-08-29,no,
TXN1599,reconciled,499900,2026-08-25,no,
TXN1600,pending,199900,,no,awaiting_amount_confirmation
TXN1601,reconciled,29900,2026-07-13,no,
TXN1602,pending,,,no,
TXN1603,reconciled,29900,2026-08-23,no,
TXN1604,pending,,,no,
TXN1605,pending,,,no,
TXN1606,pending,49900,,no,awaiting_amount_confirmation
TXN1607,pending,,,no,
TXN1608,reconciled,29900,2026-07-14,no,
TXN1610,reconciled,499900,2026-08-08,no,
TXN1611,reconciled,999900,2026-08-09,no,
TXN1612,reconciled,29900,2026-07-20,no,
TXN1613,reconciled,199900,2026-07-07,no,
TXN1614,reconciled,49900,2026-08-02,no,
TXN1615,pending,,,no,
TXN1616,pending,9900,,no,awaiting_amount_confirmation
TXN1617,reconciled,499900,2026-08-25,no,
TXN1618,pending,,,no,
TXN1619,reconciled,9900,2026-08-09,no,
TXN1620,reconciled,49900,2026-07-25,yes,possible_duplicate_entry
TXN1620,reconciled,49900,2026-07-25,yes,possible_duplicate_entry
TXN1621,reconciled,199900,2026-07-25,no,
TXN1622,pending,999900,,no,awaiting_amount_confirmation
TXN1623,reconciled,19900,2026-08-11,no,
TXN1624,reconciled,19900,2026-07-07,no,
TXN1625,reconciled,19900,2026-08-03,no,
TXN1626,reconciled,499900,2026-07-16,no,
TXN1627,pending,,,no,
TXN1628,reconciled,29900,2026-08-22,no,
TXN1629,reconciled,29900,2026-07-04,no,
TXN1630,reconciled,9900,2026-07-28,no,
TXN1631,reconciled,29900,2026-08-04,no,
TXN1632,reconciled,199900,2026-08-03,no,
TXN1633,reconciled,49900,2026-08-11,no,
TXN1634,pending,,,no,
TXN1635,pending,,,no,
TXN1637,pending,,,no,
TXN1638,reconciled,999900,2026-08-12,no,
TXN1639,reconciled,999900,2026-07-16,no,
TXN1640,pending,,,no,
TXN1642,reconciled,99900,2026-08-29,no,
TXN1643,pending,,,no,
TXN1644,reconciled,199900,2026-07-08,no,
TXN1645,reconciled,9900,2026-08-14,yes,possible_duplicate_entry
TXN1645,reconciled,9900,2026-08-14,yes,possible_duplicate_entry
TXN1646,reconciled,199900,2026-07-11,no,
TXN1647,reconciled,99900,2026-07-14,no,
TXN1648,reconciled,49900,2026-07-24,yes,possible_duplicate_entry
TXN1648,reconciled,49900,2026-07-24,yes,possible_duplicate_entry
TXN1649,pending,,,no,
TXN1650,pending,,,no,
TXN1651,reconciled,49900,2026-08-25,no,
TXN1652,pending,,,no,
TXN1653,reconciled,99900,2026-07-15,no,
TXN1654,pending,,,no,
TXN1655,reconciled,9900,2026-08-19,no,
TXN1656,reconciled,19900,2026-07-10,no,
TXN1657,pending,999900,,no,awaiting_amount_confirmation
TXN1658,reconciled,999900,2026-07-16,no,
TXN1659,reconciled,19900,2026-07-03,no,
TXN1660,pending,,,no,
TXN1661,reconciled,199900,2026-07-26,no,
TXN1662,pending,499900,,no,awaiting_amount_confirmation
TXN1663,reconciled,9900,2026-07-17,no,
TXN1664,reconciled,19900,2026-07-21,no,
TXN1665,reconciled,199900,2026-07-30,no,
TXN1666,reconciled,499900,2026-08-04,no,
TXN1667,pending,,,no,
TXN1668,reconciled,29900,2026-08-30,no,
TXN1669,pending,9900,,no,awaiting_amount_confirmation
TXN1670,reconciled,199900,2026-07-21,no,
TXN1671,pending,,,no,
TXN1672,pending,,,no,
TXN1673,pending,49900,,no,awaiting_amount_confirmation
TXN1674,reconciled,19900,2026-08-20,no,
TXN1675,pending,,,no,
TXN1676,pending,,,no,
TXN1677,pending,,,no,
TXN1678,pending,999900,,no,awaiting_amount_confirmation
TXN1679,reconciled,29900,2026-07-09,no,
TXN1680,reconciled,99900,2026-08-16,no,
TXN1681,reconciled,99900,2026-08-01,no,
TXN1682,pending,,,no,
TXN1683,reconciled,199900,2026-08-14,yes,possible_duplicate_entry
TXN1683,reconciled,199900,2026-08-14,yes,possible_duplicate_entry
TXN1684,reconciled,19900,2026-07-22,yes,possible_duplicate_entry
TXN1684,reconciled,19900,2026-07-22,yes,possible_duplicate_entry
TXN1685,reconciled,19900,2026-08-12,no,
TXN1686,pending,,,no,
TXN1687,pending,,,no,
TXN1688,pending,,,no,
TXN1689,reconciled,99900,2026-07-07,no,
TXN1690,reconciled,99900,2026-07-06,no,
TXN1691,pending,9900,,no,awaiting_amount_confirmation
TXN1692,reconciled,199900,2026-07-21,no,
TXN1693,reconciled,99900,2026-07-28,no,
TXN1694,pending,,,no,
TXN1696,pending,,,no,
TXN1697,reconciled,99900,2026-08-27,yes,possible_duplicate_entry
TXN1697,reconciled,99900,2026-08-27,yes,possible_duplicate_entry
TXN1698,pending,,,no,
TXN1699,reconciled,49900,2026-07-17,no,
TXN1700,pending,,,no,
TXN1701,reconciled,499900,2026-07-18,no,
TXN1702,reconciled,199900,2026-08-02,yes,possible_duplicate_entry
TXN1702,reconciled,199900,2026-08-02,yes,possible_duplicate_entry
TXN1703,pending,,,no,
TXN1704,reconciled,999900,2026-08-28,no,
TXN1705,reconciled,999900,2026-07-17,no,
TXN1706,pending,,,no,
TXN1707,reconciled,9900,2026-08-23,no,
TXN1708,pending,,,no,
TXN1709,reconciled,99900,2026-07-11,no,
TXN1710,pending,29900,,no,awaiting_amount_confirmation
TXN1711,reconciled,19900,2026-08-25,no,
TXN1713,reconciled,199900,2026-07-17,yes,possible_duplicate_entry
TXN1713,reconciled,199900,2026-07-17,yes,possible_duplicate_entry
TXN1714,reconciled,499900,2026-09-01,no,
TXN1715,reconciled,499900,2026-07-07,no,
TXN1716,reconciled,499900,2026-08-16,no,
TXN1717,reconciled,499900,2026-08-30,no,
TXN1718,pending,,,no,
TXN1719,reconciled,9900,2026-08-30,no,
TXN1720,pending,99900,,no,awaiting_amount_confirmation
TXN1721,pending,,,no,
TXN1722,reconciled,99900,2026-07-06,no,
TXN1723,pending,,,no,
TXN1724,reconciled,499900,2026-08-28,no,
TXN1725,pending,29900,,no,awaiting_amount_confirmation
TXN1726,pending,,,no,
TXN1727,pending,,,no,
TXN1728,pending,,,no,
TXN1729,reconciled,999900,2026-07-19,no,
TXN1730,reconciled,999900,2026-07-03,no,
TXN1731,reconciled,999900,2026-08-05,no,
TXN1732,reconciled,199900,2026-07-13,no,
TXN1733,reconciled,999900,2026-07-13,no,
TXN1734,pending,199900,,no,awaiting_amount_confirmation
TXN1735,reconciled,999900,2026-08-11,no,
TXN1736,pending,19900,,no,awaiting_amount_confirmation
TXN1737,reconciled,999900,2026-08-02,no,
TXN1738,pending,,,no,
TXN1739,pending,29900,,no,awaiting_amount_confirmation
TXN1740,pending,,,no,
TXN1741,reconciled,19900,2026-08-13,no,
TXN1742,pending,29900,,no,awaiting_amount_confirmation
TXN1743,reconciled,199900,2026-09-03,no,
TXN1744,reconciled,499900,2026-07-08,no,
TXN1745,reconciled,99900,2026-08-12,no,
TXN1746,pending,,,no,
TXN1747,reconciled,999900,2026-07-27,no,
TXN1748,reconciled,29900,2026-07-30,no,
TXN1749,reconciled,499900,2026-08-28,no,
TXN1750,reconciled,499900,2026-07-29,no,
TXN1751,reconciled,999900,2026-07-13,no,
TXN1752,pending,,,no,
TXN1753,reconciled,99900,2026-07-31,no,
TXN1754,reconciled,29900,2026-07-14,no,
TXN1756,pending,,,no,
TXN1757,pending,,,no,
TXN1758,reconciled,9900,2026-07-17,no,
TXN1759,reconciled,19900,2026-08-28,no,
TXN1760,pending,19900,,no,awaiting_amount_confirmation
TXN1761,reconciled,999900,2026-08-12,no,
TXN1762,reconciled,19900,2026-08-23,no,
TXN1763,reconciled,29900,2026-07-19,no,
TXN1764,pending,,,no,
TXN1765,pending,,,no,
TXN1766,pending,,,no,
TXN1767,reconciled,999900,2026-07-10,no,
TXN1768,pending,,,no,
TXN1769,pending,,,no,
TXN1770,reconciled,19900,2026-08-28,no,
TXN1771,pending,,,no,
TXN1773,reconciled,29900,2026-07-28,no,
TXN1774,pending,,,no,
TXN1775,reconciled,999900,2026-07-05,no,
TXN1776,reconciled,99900,2026-08-18,no,
TXN1777,reconciled,19900,2026-07-27,no,
TXN1778,reconciled,19900,2026-08-17,no,
TXN1779,reconciled,99900,2026-07-08,yes,possible_duplicate_entry
TXN1779,reconciled,99900,2026-07-08,yes,possible_duplicate_entry
TXN1780,reconciled,999900,2026-08-09,no,
TXN1781,reconciled,49900,2026-08-28,no,
TXN1782,pending,,,no,
TXN1783,reconciled,199900,2026-08-18,no,
TXN1784,reconciled,49900,2026-07-15,no,
TXN1785,pending,9900,,no,awaiting_amount_confirmation
TXN1786,reconciled,9900,2026-08-30,no,
TXN1787,pending,,,no,
TXN1788,pending,,,no,
TXN1789,reconciled,199900,2026-08-02,no,
TXN1790,pending,99900,,no,awaiting_amount_confirmation
TXN1791,pending,,,no,
TXN1792,reconciled,49900,2026-07-15,no,
TXN1794,reconciled,49900,2026-07-25,no,
TXN1795,reconciled,9900,2026-09-02,no,
TXN1796,reconciled,199900,2026-09-01,no,
TXN1797,pending,,,no,
TXN1798,reconciled,499900,2026-08-13,no,
TXN1799,reconciled,499900,2026-08-26,yes,possible_duplicate_entry
TXN1799,reconciled,499900,2026-08-26,yes,possible_duplicate_entry
TXN1800,reconciled,199900,2026-08-06,yes,possible_duplicate_entry
TXN1800,reconciled,199900,2026-08-06,yes,possible_duplicate_entry
TXN1801,reconciled,9900,2026-07-09,no,
TXN1803,reconciled,199900,2026-07-20,yes,possible_duplicate_entry
TXN1803,reconciled,199900,2026-07-20,yes,possible_duplicate_entry
TXN1804,pending,,,no,
TXN1805,pending,,,no,
TXN1806,reconciled,199900,2026-07-28,no,
TXN1807,reconciled,199900,2026-08-12,no,
TXN1808,reconciled,19900,2026-07-04,no,
TXN1809,pending,199900,,no,awaiting_amount_confirmation
TXN1810,pending,,,no,
TXN1811,reconciled,9900,2026-07-22,yes,possible_duplicate_entry
TXN1811,reconciled,9900,2026-07-22,yes,possible_duplicate_entry
TXN1812,pending,,,no,
TXN1813,pending,,,no,
TXN1814,pending,,,no,
TXN1815,pending,,,no,
TXN1816,pending,,,no,
TXN1817,reconciled,29900,2026-07-11,no,
TXN1818,reconciled,49900,2026-07-21,no,
TXN1819,reconciled,29900,2026-08-25,no,
TXN1820,reconciled,99900,2026-07-11,no,
TXN1821,reconciled,9900,2026-08-06,no,
TXN1823,reconciled,29900,2026-07-17,no,
TXN1824,reconciled,99900,2026-08-15,no,
TXN1825,reconciled,199900,2026-08-06,no,
TXN1826,pending,,,no,
TXN1827,reconciled,19900,2026-08-12,no,
TXN1828,reconciled,999900,2026-08-02,no,
TXN1829,reconciled,499900,2026-08-28,no,
TXN1830,reconciled,9900,2026-08-19,no,
TXN1831,reconciled,9900,2026-07-15,no,
TXN1832,pending,,,no,
TXN1833,reconciled,29900,2026-08-31,no,
TXN1834,reconciled,49900,2026-08-27,no,
TXN1835,pending,,,no,
TXN1837,reconciled,19900,2026-08-13,no,
TXN1838,pending,,,no,
TXN1840,reconciled,19900,2026-08-26,no,
TXN1841,pending,,,no,
TXN1842,reconciled,9900,2026-07-09,no,
TXN1843,reconciled,199900,2026-08-04,no,
TXN1844,pending,,,no,
TXN1845,reconciled,999900,2026-08-22,no,
TXN1846,reconciled,49900,2026-07-09,yes,possible_duplicate_entry
TXN1846,reconciled,49900,2026-07-09,yes,possible_duplicate_entry
TXN1847,pending,499900,,no,awaiting_amount_confirmation
TXN1848,reconciled,29900,2026-08-09,no,
TXN1849,reconciled,999900,2026-08-25,no,
TXN1850,reconciled,199900,2026-08-03,no,
TXN1851,reconciled,49900,2026-08-17,no,
TXN1852,reconciled,499900,2026-08-17,yes,possible_duplicate_entry
TXN1852,reconciled,499900,2026-08-17,yes,possible_duplicate_entry
TXN1853,pending,,,no,
TXN1854,reconciled,499900,2026-07-19,no,
TXN1855,pending,499900,,no,awaiting_amount_confirmation
TXN1856,reconciled,499900,2026-09-01,no,
TXN1857,reconciled,29900,2026-08-21,no,
TXN1858,pending,,,no,
TXN1859,reconciled,499900,2026-08-16,no,
TXN1860,reconciled,99900,2026-07-21,no,
TXN1861,pending,,,no,
TXN1863,reconciled,29900,2026-07-27,no,
TXN1864,pending,,,no,
TXN1865,reconciled,999900,2026-07-17,no,
TXN1866,pending,,,no,
TXN1867,reconciled,19900,2026-07-10,no,
TXN1868,reconciled,49900,2026-08-19,yes,possible_duplicate_entry
TXN1868,reconciled,49900,2026-08-19,yes,possible_duplicate_entry
TXN1869,pending,,,no,
TXN1871,reconciled,99900,2026-08-15,no,
TXN1872,reconciled,199900,2026-07-27,no,
TXN1873,pending,,,no,
TXN1874,reconciled,999900,2026-08-23,no,
TXN1876,reconciled,999900,2026-08-02,no,
TXN1877,pending,,,no,
TXN1878,reconciled,999900,2026-07-16,no,
TXN1879,pending,,,no,
TXN1880,reconciled,49900,2026-07-16,no,
TXN1881,reconciled,29900,2026-08-26,no,
TXN1882,reconciled,29900,2026-08-19,no,
TXN1883,pending,,,no,
TXN1884,reconciled,999900,2026-09-02,no,
TXN1885,pending,999900,,no,awaiting_amount_confirmation
TXN1886,pending,,,no,
TXN1887,pending,,,no,
TXN1888,pending,,,no,
TXN1889,reconciled,199900,2026-08-30,no,
TXN1890,reconciled,19900,2026-08-13,no,
TXN1891,reconciled,99900,2026-08-06,no,
TXN1892,reconciled,9900,2026-08-30,no,
TXN1893,reconciled,499900,2026-07-29,no,
TXN1894,pending,,,no,
TXN1896,reconciled,9900,2026-08-19,no,
TXN1897,pending,,,no,
TXN1898,reconciled,499900,2026-08-09,yes,possible_duplicate_entry
TXN1898,reconciled,499900,2026-08-09,yes,possible_duplicate_entry
TXN1899,reconciled,199900,2026-07-08,no,
TXN1900,pending,,,no,
TXN1901,pending,,,no,
TXN1902,pending,499900,,no,awaiting_amount_confirmation
TXN1903,reconciled,19900,2026-08-06,no,
TXN1904,reconciled,9900,2026-07-17,yes,possible_duplicate_entry
TXN1904,reconciled,9900,2026-07-17,yes,possible_duplicate_entry
TXN1906,reconciled,9900,2026-08-05,yes,possible_duplicate_entry
TXN1906,reconciled,9900,2026-08-05,yes,possible_duplicate_entry
TXN1907,reconciled,29900,2026-08-12,no,
TXN1908,reconciled,49900,2026-07-11,no,
TXN1909,reconciled,499900,2026-07-05,yes,possible_duplicate_entry
TXN1909,reconciled,499900,2026-07-05,yes,possible_duplicate_entry
TXN1910,reconciled,999900,2026-08-12,no,
TXN1911,reconciled,29900,2026-08-11,no,
TXN1912,reconciled,999900,2026-08-24,no,
TXN1913,reconciled,99900,2026-08-05,no,
TXN1914,reconciled,49900,2026-08-21,no,
TXN1915,reconciled,49900,2026-07-22,no,
TXN1916,reconciled,499900,2026-08-27,no,
TXN1917,reconciled,9900,2026-08-06,no,
TXN1918,reconciled,499900,2026-07-26,no,
TXN1919,pending,49900,,no,awaiting_amount_confirmation
TXN1920,reconciled,499900,2026-08-16,no,
TXN1921,reconciled,99900,2026-08-19,no,
TXN1922,reconciled,99900,2026-08-15,no,
TXN1924,reconciled,199900,2026-08-27,no,
TXN1925,pending,,,no,
TXN1926,reconciled,19900,2026-07-26,no,
TXN1927,reconciled,49900,2026-07-19,no,
TXN1928,reconciled,19900,2026-08-28,no,
TXN1929,pending,,,no,
TXN1930,pending,,,no,
TXN1931,reconciled,49900,2026-07-21,yes,possible_duplicate_entry
TXN1931,reconciled,49900,2026-07-21,yes,possible_duplicate_entry
TXN1932,reconciled,99900,2026-08-26,no,
TXN1933,reconciled,29900,2026-07-09,no,
TXN1934,reconciled,99900,2026-08-06,no,
TXN1935,pending,,,no,
TXN1936,reconciled,49900,2026-08-19,no,
TXN1937,reconciled,499900,2026-08-23,no,
TXN1939,reconciled,49900,2026-07-05,no,
TXN1940,reconciled,499900,2026-08-31,no,
TXN1941,pending,,,no,
TXN1942,reconciled,999900,2026-08-14,no,
TXN1943,reconciled,99900,2026-07-31,no,
TXN1944,pending,,,no,
TXN1945,reconciled,19900,2026-08-11,no,
TXN1946,reconciled,29900,2026-07-30,no,
TXN1948,reconciled,499900,2026-07-18,no,
TXN1949,reconciled,29900,2026-08-11,no,
TXN1950,reconciled,999900,2026-07-30,no,
TXN1951,reconciled,49900,2026-08-18,no,
TXN1952,reconciled,9900,2026-08-10,no,
TXN1953,pending,,,no,
TXN1954,reconciled,19900,2026-07-11,no,
TXN1955,pending,9900,,no,awaiting_amount_confirmation
TXN1956,reconciled,199900,2026-07-13,no,
TXN1957,pending,,,no,
TXN1958,reconciled,99900,2026-08-06,no,
TXN1959,pending,,,no,
TXN1960,reconciled,499900,2026-08-29,no,
TXN1961,reconciled,199900,2026-08-17,no,
TXN1962,reconciled,49900,2026-08-18,no,
TXN1963,reconciled,199900,2026-08-08,no,
TXN1964,reconciled,19900,2026-08-06,no,
TXN1965,reconciled,9900,2026-08-23,no,
TXN1966,pending,,,no,
TXN1968,reconciled,99900,2026-07-09,no,
TXN1969,reconciled,99900,2026-08-10,no,
TXN1970,reconciled,999900,2026-07-05,no,
TXN1971,pending,,,no,
TXN1972,pending,,,no,
TXN1973,pending,,,no,
TXN1974,reconciled,19900,2026-08-03,no,
TXN1975,reconciled,499900,2026-08-21,no,
TXN1976,reconciled,999900,2026-07-31,no,
TXN1977,reconciled,499900,2026-07-04,no,
TXN1978,reconciled,499900,2026-08-17,no,
TXN1980,reconciled,99900,2026-08-21,no,
TXN1981,reconciled,499900,2026-07-29,no,
TXN1982,pending,999900,,no,awaiting_amount_confirmation
TXN1983,reconciled,49900,2026-07-19,no,
TXN1984,reconciled,9900,2026-07-11,no,
TXN1985,reconciled,499900,2026-08-11,no,
TXN1986,reconciled,29900,2026-07-27,no,
TXN1987,pending,,,no,
TXN1988,reconciled,19900,2026-08-01,no,
TXN1989,reconciled,499900,2026-08-21,no,
TXN1990,pending,,,no,
TXN1991,pending,499900,,no,awaiting_amount_confirmation
TXN1992,pending,,,no,
TXN1993,reconciled,29900,2026-07-06,no,
TXN1994,reconciled,199900,2026-08-28,no,
TXN1995,pending,9900,,no,awaiting_amount_confirmation
TXN1996,reconciled,49900,2026-07-15,no,
TXN1997,reconciled,19900,2026-08-04,no,
TXN1998,reconciled,999900,2026-07-07,no,
TXN2001,reconciled,29900,2026-07-16,no,
TXN2002,reconciled,19900,2026-09-01,no,
TXN2003,pending,,,no,
TXN2005,pending,,,no,
TXN2006,reconciled,499900,2026-08-21,no,
TXN2007,reconciled,99900,2026-07-11,no,
TXN2008,reconciled,49900,2026-08-19,no,
TXN2009,reconciled,199900,2026-08-03,no,
TXN2010,pending,,,no,
TXN2011,reconciled,199900,2026-08-22,no,
TXN2012,reconciled,29900,2026-08-13,no,
TXN2014,reconciled,499900,2026-08-16,no,
TXN2015,reconciled,999900,2026-07-09,no,
TXN2016,pending,,,no,
TXN2017,reconciled,199900,2026-09-01,no,
TXN2018,reconciled,499900,2026-07-19,no,
TXN2019,reconciled,499900,2026-07-23,no,
TXN2020,reconciled,999900,2026-08-29,no,
TXN2021,reconciled,49900,2026-08-29,no,
TXN2022,reconciled,19900,2026-08-20,no,
TXN2023,reconciled,19900,2026-08-18,no,
TXN2024,reconciled,29900,2026-07-03,no,
TXN2025,pending,,,no,
TXN2026,reconciled,19900,2026-08-06,no,
TXN2027,reconciled,19900,2026-07-23,yes,possible_duplicate_entry
TXN2027,reconciled,19900,2026-07-23,yes,possible_duplicate_entry
TXN2028,reconciled,99900,2026-07-25,no,
TXN2029,reconciled,9900,2026-07-28,no,
TXN2030,reconciled,19900,2026-07-17,no,
TXN2031,reconciled,19900,2026-07-31,no,
TXN2032,reconciled,29900,2026-08-12,no,
TXN2033,reconciled,9900,2026-08-11,no,
TXN2034,pending,99900,,no,awaiting_amount_confirmation
TXN2035,reconciled,199900,2026-08-16,no,
TXN2036,pending,,,no,
TXN2038,reconciled,9900,2026-07-27,no,
TXN2039,reconciled,99900,2026-07-07,no,
TXN2040,pending,,,no,
TXN2041,reconciled,199900,2026-08-27,yes,possible_duplicate_entry
TXN2041,reconciled,199900,2026-08-27,yes,possible_duplicate_entry
TXN2042,pending,29900,,no,awaiting_amount_confirmation
TXN2043,pending,,,no,
TXN2044,reconciled,99900,2026-07-21,yes,possible_duplicate_entry
TXN2044,reconciled,99900,2026-07-21,yes,possible_duplicate_entry
TXN2045,reconciled,99900,2026-08-31,no,
TXN2047,pending,,,no,
TXN2048,reconciled,29900,2026-08-05,no,
TXN2049,reconciled,499900,2026-08-31,yes,possible_duplicate_entry
TXN2049,reconciled,499900,2026-08-31,yes,possible_duplicate_entry
TXN2050,pending,,,no,
TXN2051,pending,,,no,
TXN2052,reconciled,19900,2026-07-26,no,
TXN2053,pending,,,no,
TXN2054,reconciled,29900,2026-07-24,no,
TXN2055,reconciled,19900,2026-08-27,no,
TXN2056,pending,,,no,
TXN2057,reconciled,19900,2026-08-23,no,
TXN2058,pending,,,no,
TXN2059,reconciled,499900,2026-08-24,no,
TXN2060,reconciled,999900,2026-07-06,no,
TXN2061,reconciled,49900,2026-07-06,no,
TXN2062,pending,199900,,no,awaiting_amount_confirmation
TXN2063,pending,,,no,
TXN2064,reconciled,199900,2026-07-24,no,
TXN2065,reconciled,199900,2026-07-15,no,
TXN2066,reconciled,19900,2026-07-09,no,
TXN2067,pending,,,no,
TXN2068,reconciled,99900,2026-08-20,no,
TXN2069,reconciled,19900,2026-08-31,no,
TXN2070,pending,,,no,
TXN2071,reconciled,29900,2026-08-04,no,
TXN2072,reconciled,999900,2026-08-30,no,
TXN2073,pending,,,no,
TXN2074,reconciled,19900,2026-08-03,no,
TXN2075,pending,,,no,
TXN2076,pending,,,no,
TXN2077,reconciled,9900,2026-08-31,no,
TXN2078,pending,,,no,
TXN2079,pending,,,no,
TXN2081,reconciled,499900,2026-07-28,no,
TXN2082,pending,,,no,
TXN2083,reconciled,999900,2026-07-22,no,
TXN2084,reconciled,199900,2026-08-15,no,
TXN2085,reconciled,499900,2026-08-01,no,
TXN2086,pending,,,no,
TXN2087,reconciled,9900,2026-08-15,no,
TXN2088,reconciled,499900,2026-08-06,no,
TXN2089,reconciled,9900,2026-07-16,no,
TXN2090,pending,,,no,
TXN2091,pending,,,no,
TXN2092,pending,49900,,no,awaiting_amount_confirmation
TXN2093,pending,,,no,
TXN2094,reconciled,199900,2026-07-10,no,
TXN2095,reconciled,49900,2026-08-29,no,
TXN2096,reconciled,99900,2026-07-08,no,
TXN2097,reconciled,9900,2026-07-20,no,
TXN2098,pending,,,no,
TXN2099,reconciled,999900,2026-08-02,no,
TXN2100,reconciled,29900,2026-08-13,no,
TXN2101,reconciled,29900,2026-08-30,no,
TXN2102,pending,,,no,
TXN2103,reconciled,49900,2026-07-31,no,
TXN2104,pending,,,no,
TXN2105,reconciled,999900,2026-07-18,no,
TXN2106,reconciled,19900,2026-07-22,no,
TXN2107,reconciled,29900,2026-08-18,no,
TXN2108,reconciled,49900,2026-07-08,no,
TXN2109,reconciled,499900,2026-07-21,no,
TXN2110,reconciled,499900,2026-08-17,no,
TXN2111,pending,,,no,
TXN2112,reconciled,29900,2026-07-06,no,
TXN2113,reconciled,29900,2026-07-17,yes,possible_duplicate_entry
TXN2113,reconciled,29900,2026-07-17,yes,possible_duplicate_entry
TXN2114,pending,499900,,no,awaiting_amount_confirmation
TXN2115,reconciled,199900,2026-08-11,no,
TXN2116,reconciled,99900,2026-07-16,no,
TXN2117,reconciled,29900,2026-07-26,no,
TXN2118,reconciled,99900,2026-08-06,no,
TXN2119,reconciled,19900,2026-07-08,no,
TXN2120,reconciled,19900,2026-08-22,no,
TXN2121,pending,,,no,
TXN2122,reconciled,499900,2026-07-20,no,
TXN2123,pending,,,no,
TXN2124,reconciled,49900,2026-08-30,no,
TXN2125,reconciled,29900,2026-07-11,no,
TXN2126,reconciled,19900,2026-08-06,no,
TXN2127,reconciled,19900,2026-07-20,no,
TXN2129,reconciled,499900,2026-07-13,no,
TXN2130,pending,,,no,
TXN2131,reconciled,199900,2026-07-26,yes,possible_duplicate_entry
TXN2131,reconciled,199900,2026-07-26,yes,possible_duplicate_entry
TXN2132,reconciled,19900,2026-07-31,no,
TXN2133,reconciled,199900,2026-08-19,no,
TXN2134,reconciled,499900,2026-08-31,no,
TXN2135,reconciled,499900,2026-08-24,no,
TXN2136,reconciled,499900,2026-09-01,no,
TXN2137,reconciled,99900,2026-08-06,no,
TXN2138,reconciled,999900,2026-08-15,no,
TXN2139,reconciled,49900,2026-08-31,no,
TXN2140,pending,,,no,
TXN2141,reconciled,19900,2026-08-23,yes,possible_duplicate_entry
TXN2141,reconciled,19900,2026-08-23,yes,possible_duplicate_entry
TXN2142,reconciled,999900,2026-07-18,no,
TXN2143,pending,,,no,
TXN2144,reconciled,999900,2026-08-03,no,
TXN2145,reconciled,499900,2026-07-16,no,
TXN2146,reconciled,499900,2026-08-23,no,
TXN2147,reconciled,499900,2026-07-17,no,
TXN2148,reconciled,49900,2026-07-04,no,
TXN2149,reconciled,29900,2026-07-31,no,
TXN2150,pending,,,no,
TXN2151,pending,,,no,
TXN2152,pending,,,no,
TXN2153,pending,,,no,
TXN2154,reconciled,29900,2026-07-27,no,
TXN2155,reconciled,49900,2026-08-27,no,
TXN2156,reconciled,999900,2026-07-21,no,
TXN2157,reconciled,499900,2026-08-10,no,
TXN2158,reconciled,99900,2026-07-10,no,
TXN2159,pending,,,no,
TXN2160,reconciled,9900,2026-08-05,no,
TXN2161,reconciled,9900,2026-07-23,no,
TXN2162,reconciled,9900,2026-07-25,no,
TXN2163,reconciled,29900,2026-07-09,no,
TXN2164,reconciled,99900,2026-07-22,no,
TXN2165,reconciled,499900,2026-07-10,no,
TXN2166,pending,,,no,
TXN2167,reconciled,9900,2026-08-15,no,
TXN2168,pending,,,no,
TXN2169,reconciled,199900,2026-08-27,no,
TXN2170,reconciled,99900,2026-08-16,no,
TXN2171,pending,,,no,
TXN2172,reconciled,29900,2026-07-04,no,
TXN2173,reconciled,99900,2026-08-01,no,
TXN2174,reconciled,29900,2026-08-24,no,
TXN2175,reconciled,999900,2026-08-12,no,
TXN2176,pending,,,no,
TXN2177,reconciled,199900,2026-08-11,no,
TXN2178,reconciled,99900,2026-08-08,no,
TXN2179,pending,199900,,no,awaiting_amount_confirmation
TXN2180,reconciled,49900,2026-08-14,no,
TXN2181,reconciled,199900,2026-08-03,no,
TXN2182,reconciled,999900,2026-07-17,no,
TXN2183,reconciled,499900,2026-08-07,no,
TXN2184,reconciled,9900,2026-07-25,no,
TXN2185,pending,,,no,
TXN2186,reconciled,999900,2026-08-16,no,
TXN2187,reconciled,19900,2026-07-14,no,
TXN2188,reconciled,499900,2026-07-16,no,
TXN2189,reconciled,199900,2026-08-10,no,
TXN2191,pending,,,no,
TXN2192,reconciled,99900,2026-07-29,no,
TXN2193,reconciled,9900,2026-08-25,no,
TXN2195,pending,,,no,
TXN2196,reconciled,199900,2026-08-05,no,
TXN2197,pending,,,no,
TXN2198,reconciled,499900,2026-07-21,no,
TXN2199,reconciled,99900,2026-08-03,no,
TXN2200,pending,,,no,
TXN2201,reconciled,499900,2026-07-05,no,
TXN2202,pending,,,no,
TXN2203,reconciled,19900,2026-07-29,no,
TXN2204,reconciled,999900,2026-08-24,no,
TXN2205,reconciled,999900,2026-08-08,no,
TXN2206,pending,99900,,no,awaiting_amount_confirmation
TXN2208,reconciled,999900,2026-07-06,no,
TXN2209,reconciled,19900,2026-07-26,no,
TXN2210,reconciled,19900,2026-07-27,yes,possible_duplicate_entry
TXN2210,reconciled,19900,2026-07-27,yes,possible_duplicate_entry
TXN2211,pending,199900,,no,awaiting_amount_confirmation
TXN2212,reconciled,49900,2026-08-03,no,
TXN2213,reconciled,999900,2026-07-21,no,
TXN2214,pending,,,no,
TXN2215,reconciled,19900,2026-07-22,no,
TXN2216,reconciled,999900,2026-07-14,no,
TXN2217,reconciled,199900,2026-07-06,no,
TXN2218,reconciled,999900,2026-07-17,no,
TXN2219,reconciled,99900,2026-08-31,no,
TXN2220,pending,,,no,
TXN2221,reconciled,99900,2026-07-17,no,
TXN2222,reconciled,99900,2026-07-28,no,
TXN2223,reconciled,29900,2026-07-10,no,
TXN2224,pending,,,no,
TXN2225,pending,,,no,
TXN2226,reconciled,9900,2026-07-07,no,
TXN2227,pending,,,no,
TXN2228,pending,,,no,
TXN2229,reconciled,29900,2026-07-25,no,
TXN2230,reconciled,49900,2026-07-15,no,
TXN2231,reconciled,19900,2026-08-28,no,
TXN2232,pending,999900,,no,awaiting_amount_confirmation
TXN2233,reconciled,29900,2026-08-01,no,
TXN2234,reconciled,99900,2026-08-26,no,
TXN2235,pending,,,no,
TXN2236,reconciled,49900,2026-08-14,no,
TXN2237,reconciled,29900,2026-08-23,no,
TXN2238,reconciled,499900,2026-08-19,yes,possible_duplicate_entry
TXN2238,reconciled,499900,2026-08-19,yes,possible_duplicate_entry
TXN2239,pending,,,no,
TXN2240,pending,,,no,
TXN2241,reconciled,99900,2026-07-11,no,
TXN2242,reconciled,999900,2026-08-28,no,
TXN2243,reconciled,999900,2026-08-15,no,
TXN2244,reconciled,199900,2026-07-05,no,
TXN2245,reconciled,99900,2026-08-21,no,
TXN2246,pending,,,no,
TXN2247,reconciled,199900,2026-08-19,no,
TXN2248,reconciled,499900,2026-08-07,no,
TXN2249,reconciled,499900,2026-08-02,no,
TXN2250,reconciled,19900,2026-07-15,no,
TXN2251,reconciled,999900,2026-07-23,no,
TXN2252,reconciled,9900,2026-07-11,no,
TXN2253,reconciled,199900,2026-08-03,no,
TXN2254,reconciled,19900,2026-07-30,no,
TXN2255,reconciled,49900,2026-08-20,no,
TXN2256,pending,,,no,
TXN2257,pending,,,no,
TXN2258,reconciled,19900,2026-07-16,yes,possible_duplicate_entry
TXN2258,reconciled,19900,2026-07-16,yes,possible_duplicate_entry
TXN2259,reconciled,199900,2026-08-16,yes,possible_duplicate_entry
TXN2259,reconciled,199900,2026-08-16,yes,possible_duplicate_entry
TXN2260,reconciled,199900,2026-07-11,yes,possible_duplicate_entry
TXN2260,reconciled,199900,2026-07-11,yes,possible_duplicate_entry
TXN2261,pending,,,no,
TXN2262,pending,,,no,
TXN2263,reconciled,99900,2026-07-24,no,
TXN2264,reconciled,29900,2026-07-08,no,
TXN2265,reconciled,99900,2026-08-14,no,
TXN2266,reconciled,9900,2026-08-08,no,
TXN2267,reconciled,499900,2026-08-26,no,
TXN2268,reconciled,29900,2026-07-22,yes,possible_duplicate_entry
TXN2268,reconciled,29900,2026-07-22,yes,possible_duplicate_entry
TXN2269,pending,,,no,
TXN2270,reconciled,49900,2026-08-22,no,
TXN2272,reconciled,29900,2026-07-12,no,
TXN2273,reconciled,499900,2026-08-19,no,
TXN2274,reconciled,199900,2026-07-08,no,
TXN2275,reconciled,199900,2026-08-17,no,
TXN2276,reconciled,19900,2026-07-29,no,
TXN2277,reconciled,29900,2026-07-11,no,
TXN2278,reconciled,29900,2026-07-09,no,
TXN2279,reconciled,29900,2026-08-22,no,
TXN2281,reconciled,99900,2026-07-21,yes,possible_duplicate_entry
TXN2281,reconciled,99900,2026-07-21,yes,possible_duplicate_entry
TXN2282,pending,999900,,no,awaiting_amount_confirmation
TXN2283,pending,,,no,
TXN2284,reconciled,99900,2026-09-01,no,
TXN2285,pending,,,no,
TXN2286,pending,,,no,
TXN2287,reconciled,999900,2026-08-18,no,
TXN2288,pending,499900,,no,awaiting_amount_confirmation
TXN2289,pending,,,no,
TXN2290,pending,,,no,
TXN2291,reconciled,19900,2026-08-28,no,
TXN2292,reconciled,999900,2026-07-27,yes,possible_duplicate_entry
TXN2292,reconciled,999900,2026-07-27,yes,possible_duplicate_entry
TXN2293,reconciled,19900,2026-07-06,no,
TXN2294,reconciled,99900,2026-07-14,no,
TXN2295,pending,,,no,
TXN2296,pending,,,no,
TXN2297,reconciled,199900,2026-07-12,no,
TXN2298,reconciled,99900,2026-07-19,no,
TXN2299,pending,,,no,
TXN2300,pending,,,no,
TXN2301,pending,,,no,
TXN2302,pending,,,no,
TXN2303,pending,,,no,
TXN2304,reconciled,499900,2026-07-08,no,
TXN2305,reconciled,199900,2026-08-11,no,
TXN2306,pending,,,no,
TXN2307,pending,,,no,
TXN2308,reconciled,9900,2026-08-02,no,
TXN2309,reconciled,499900,2026-08-09,no,
TXN2310,pending,,,no,
TXN2311,reconciled,19900,2026-07-25,no,
TXN2312,pending,,,no,
TXN2313,reconciled,29900,2026-08-22,no,
TXN2314,pending,,,no,
TXN2315,pending,,,no,
TXN2316,pending,9900,,no,awaiting_amount_confirmation
TXN2317,reconciled,49900,2026-08-26,no,
TXN2318,pending,,,no,
TXN2320,reconciled,999900,2026-07-10,no,
TXN2321,reconciled,49900,2026-08-20,no,
TXN2322,reconciled,499900,2026-07-23,no,
TXN2323,reconciled,499900,2026-08-03,no,
TXN2324,reconciled,9900,2026-07-11,yes,possible_duplicate_entry
TXN2324,reconciled,9900,2026-07-11,yes,possible_duplicate_entry
TXN2325,reconciled,9900,2026-08-13,no,
TXN2328,reconciled,49900,2026-07-06,no,
TXN2329,pending,,,no,
TXN2330,pending,,,no,
TXN2331,reconciled,49900,2026-07-24,no,
TXN2332,pending,,,no,
TXN2333,reconciled,49900,2026-07-29,no,
TXN2334,pending,,,no,
TXN2335,reconciled,999900,2026-08-04,no,
TXN2336,pending,,,no,
TXN2337,reconciled,49900,2026-08-07,yes,possible_duplicate_entry
TXN2337,reconciled,49900,2026-08-07,yes,possible_duplicate_entry
TXN2338,pending,,,no,
TXN2339,pending,,,no,
TXN2340,reconciled,199900,2026-08-31,no,
TXN2341,pending,,,no,
TXN2342,pending,,,no,
TXN2343,reconciled,999900,2026-08-17,no,
TXN2344,pending,,,no,
TXN2345,reconciled,499900,2026-07-09,no,
TXN2346,reconciled,999900,2026-08-05,no,
TXN2347,pending,49900,,no,awaiting_amount_confirmation
TXN2348,reconciled,49900,2026-08-24,no,
TXN2349,reconciled,199900,2026-07-09,no,
TXN2350,reconciled,499900,2026-07-23,no,
TXN2351,pending,,,no,
TXN2352,pending,,,no,
TXN2353,reconciled,199900,2026-07-18,no,
TXN2354,pending,,,no,
TXN2355,reconciled,499900,2026-07-28,no,
TXN2357,reconciled,199900,2026-07-27,no,
TXN2358,reconciled,199900,2026-08-22,no,
TXN2359,pending,,,no,
TXN2360,reconciled,99900,2026-07-07,no,
TXN2361,reconciled,99900,2026-08-05,no,
TXN2362,reconciled,9900,2026-08-08,no,
TXN2363,reconciled,499900,2026-07-18,yes,possible_duplicate_entry
TXN2363,reconciled,499900,2026-07-18,yes,possible_duplicate_entry
TXN2364,reconciled,999900,2026-07-12,no,
TXN2365,pending,29900,,no,awaiting_amount_confirmation
TXN2366,reconciled,19900,2026-07-26,no,
TXN2367,reconciled,19900,2026-08-27,no,
TXN2368,reconciled,199900,2026-08-20,no,
TXN2369,reconciled,9900,2026-08-22,no,
TXN2371,reconciled,99900,2026-08-07,no,
TXN2372,reconciled,9900,2026-08-16,no,
TXN2373,reconciled,999900,2026-07-16,no,
TXN2374,reconciled,199900,2026-08-11,no,
TXN2375,pending,,,no,
TXN2376,reconciled,499900,2026-07-09,no,
TXN2377,reconciled,199900,2026-07-09,no,
TXN2378,reconciled,49900,2026-08-31,no,
TXN2379,reconciled,99900,2026-08-17,no,
TXN2380,pending,,,no,
TXN2381,pending,,,no,
TXN2382,reconciled,19900,2026-08-24,no,
TXN2383,reconciled,999900,2026-08-08,yes,possible_duplicate_entry
TXN2383,reconciled,999900,2026-08-08,yes,possible_duplicate_entry
TXN2384,reconciled,29900,2026-07-13,no,
TXN2385,reconciled,19900,2026-07-16,no,
TXN2386,reconciled,499900,2026-07-15,no,
TXN2387,pending,,,no,
TXN2388,reconciled,49900,2026-07-04,no,
TXN2389,reconciled,499900,2026-07-21,no,
TXN2391,reconciled,999900,2026-08-27,no,
TXN2392,reconciled,9900,2026-07-28,no,
TXN2393,pending,499900,,no,awaiting_amount_confirmation
TXN2394,reconciled,29900,2026-08-29,no,
TXN2395,reconciled,199900,2026-08-07,no,
TXN2396,reconciled,499900,2026-07-29,no,
TXN2397,pending,,,no,
TXN2398,reconciled,49900,2026-07-05,no,
TXN2399,pending,,,no,
TXN2400,reconciled,49900,2026-07-27,no,
TXN2401,pending,,,no,
TXN2402,reconciled,49900,2026-08-17,no,
TXN2403,reconciled,499900,2026-08-22,no,
TXN2404,reconciled,49900,2026-07-12,no,
TXN2405,reconciled,29900,2026-08-20,no,
TXN2406,reconciled,29900,2026-08-02,no,
TXN2407,reconciled,9900,2026-08-31,yes,possible_duplicate_entry
TXN2407,reconciled,9900,2026-08-31,yes,possible_duplicate_entry
TXN2408,reconciled,49900,2026-08-06,no,
TXN2409,reconciled,9900,2026-08-13,no,
TXN2410,pending,,,no,
TXN2411,pending,,,no,
TXN2413,reconciled,49900,2026-08-31,no,
TXN2414,pending,499900,,no,awaiting_amount_confirmation
TXN2416,reconciled,499900,2026-08-04,no,
TXN2417,reconciled,29900,2026-07-04,no,
TXN2418,pending,,,no,
TXN2419,reconciled,499900,2026-07-11,no,
TXN2420,reconciled,99900,2026-07-23,no,
TXN2421,pending,,,no,
TXN2422,reconciled,499900,2026-08-18,no,
TXN2423,pending,,,no,
TXN2424,reconciled,9900,2026-08-14,no,
TXN2425,reconciled,199900,2026-09-02,no,
TXN2426,reconciled,999900,2026-07-27,no,
TXN2427,reconciled,999900,2026-07-16,no,
TXN2428,reconciled,999900,2026-08-03,no,
TXN2429,reconciled,49900,2026-08-03,no,
TXN2430,reconciled,29900,2026-07-09,no,
TXN2431,pending,,,no,
TXN2432,reconciled,29900,2026-08-15,no,
TXN2433,pending,,,no,
TXN2434,pending,,,no,
TXN2435,reconciled,19900,2026-08-26,no,
TXN2436,reconciled,199900,2026-08-27,no,
TXN2437,reconciled,199900,2026-08-07,no,
TXN2438,reconciled,29900,2026-08-05,no,
TXN2439,pending,,,no,
TXN2440,pending,,,no,
TXN2441,reconciled,999900,2026-08-20,no,
TXN2442,reconciled,19900,2026-07-23,no,
TXN2443,reconciled,49900,2026-07-11,yes,possible_duplicate_entry
TXN2443,reconciled,49900,2026-07-11,yes,possible_duplicate_entry
TXN2444,reconciled,499900,2026-08-21,yes,possible_duplicate_entry
TXN2444,reconciled,499900,2026-08-21,yes,possible_duplicate_entry
TXN2445,reconciled,999900,2026-07-03,no,
TXN2446,pending,,,no,
TXN2447,pending,,,no,
TXN2448,pending,,,no,
TXN2449,pending,,,no,
TXN2450,reconciled,49900,2026-07-05,no,
TXN2451,reconciled,199900,2026-07-20,no,
TXN2452,pending,199900,,no,awaiting_amount_confirmation
TXN2453,reconciled,199900,2026-07-08,no,
TXN2454,reconciled,29900,2026-07-27,no,
TXN2455,pending,,,no,
TXN2456,reconciled,9900,2026-07-24,no,
TXN2457,pending,,,no,
TXN2458,pending,,,no,
TXN2459,pending,,,no,
TXN2460,reconciled,99900,2026-08-11,no,
TXN2461,pending,,,no,
TXN2462,reconciled,499900,2026-08-17,no,
TXN2463,reconciled,99900,2026-07-26,no,
TXN2464,pending,,,no,
TXN2465,reconciled,999900,2026-07-14,no,
TXN2466,pending,,,no,
TXN2467,reconciled,49900,2026-08-10,no,
TXN2468,reconciled,49900,2026-08-05,no,
TXN2469,reconciled,999900,2026-08-28,no,
TXN2470,reconciled,49900,2026-07-22,no,
TXN2471,pending,,,no,
TXN2472,reconciled,999900,2026-08-14,no,
TXN2473,reconciled,19900,2026-07-10,no,
TXN2474,pending,,,no,
TXN2475,reconciled,19900,2026-07-28,no,
TXN2476,reconciled,99900,2026-07-13,no,
TXN2477,reconciled,29900,2026-08-18,no,
TXN2478,pending,19900,,no,awaiting_amount_confirmation
TXN2479,reconciled,999900,2026-07-29,no,
TXN2480,pending,499900,,no,awaiting_amount_confirmation
TXN2481,reconciled,499900,2026-08-13,no,
TXN2482,pending,29900,,no,awaiting_amount_confirmation
TXN2483,reconciled,99900,2026-08-08,no,
TXN2484,reconciled,29900,2026-08-15,no,
TXN2485,reconciled,999900,2026-07-05,no,
TXN2486,pending,,,no,
TXN2487,reconciled,999900,2026-07-24,no,
TXN2488,reconciled,9900,2026-07-18,no,
TXN2489,pending,,,no,
TXN2490,pending,,,no,
TXN2491,pending,,,no,
TXN2492,reconciled,999900,2026-07-05,no,
TXN2493,pending,,,no,
TXN2494,reconciled,9900,2026-08-03,yes,possible_duplicate_entry
TXN2494,reconciled,9900,2026-08-03,yes,possible_duplicate_entry
TXN2495,reconciled,99900,2026-08-27,no,
TXN2496,reconciled,499900,2026-08-11,no,
TXN2497,reconciled,499900,2026-08-24,no,
TXN2498,reconciled,49900,2026-08-06,no,
TXN2500,pending,,,no,
TXN2501,reconciled,199900,2026-08-30,no,
TXN2502,reconciled,99900,2026-08-14,no,
TXN2503,reconciled,99900,2026-07-23,no,
TXN2504,reconciled,29900,2026-07-13,yes,possible_duplicate_entry
TXN2504,reconciled,29900,2026-07-13,yes,possible_duplicate_entry
TXN2505,reconciled,49900,2026-07-21,no,
TXN2506,reconciled,19900,2026-08-27,no,
TXN2507,reconciled,49900,2026-08-05,yes,possible_duplicate_entry
TXN2507,reconciled,49900,2026-08-05,yes,possible_duplicate_entry
TXN2508,reconciled,199900,2026-08-09,no,
TXN2509,reconciled,499900,2026-08-05,no,
TXN2510,reconciled,499900,2026-08-01,no,
TXN2511,pending,,,no,
TXN2512,pending,,,no,
TXN2513,reconciled,49900,2026-07-15,no,
TXN2514,reconciled,199900,2026-08-07,no,
TXN2515,reconciled,999900,2026-08-14,no,
TXN2516,reconciled,49900,2026-08-18,no,
TXN2517,pending,499900,,no,awaiting_amount_confirmation
TXN2518,reconciled,99900,2026-07-09,no,
TXN2519,reconciled,49900,2026-09-01,yes,possible_duplicate_entry
TXN2519,reconciled,49900,2026-09-01,yes,possible_duplicate_entry
TXN2520,pending,,,no,
TXN2521,reconciled,19900,2026-08-23,yes,possible_duplicate_entry
TXN2521,reconciled,19900,2026-08-23,yes,possible_duplicate_entry
TXN2522,pending,,,no,
TXN2523,pending,999900,,no,awaiting_amount_confirmation
TXN2524,reconciled,19900,2026-08-22,no,
TXN2525,pending,,,no,
TXN2526,reconciled,999900,2026-07-17,no,
TXN2527,reconciled,999900,2026-09-02,no,
TXN2528,reconciled,19900,2026-07-11,no,
TXN2529,pending,,,no,
TXN2530,reconciled,499900,2026-08-31,yes,possible_duplicate_entry
TXN2530,reconciled,499900,2026-08-31,yes,possible_duplicate_entry
TXN2531,reconciled,199900,2026-08-29,no,
TXN2532,reconciled,199900,2026-07-18,no,
TXN2533,pending,,,no,
TXN2534,pending,,,no,
TXN2535,pending,,,no,
TXN2536,reconciled,9900,2026-07-07,no,
TXN2537,pending,,,no,
TXN2538,reconciled,29900,2026-07-16,no,
TXN2539,reconciled,49900,2026-07-28,no,
TXN2540,pending,,,no,
TXN2541,reconciled,999900,2026-08-25,no,
TXN2542,reconciled,19900,2026-08-24,no,
TXN2543,reconciled,29900,2026-08-15,no,
TXN2544,pending,,,no,
TXN2545,pending,,,no,
TXN2546,reconciled,49900,2026-08-02,no,
TXN2547,reconciled,9900,2026-07-30,no,
TXN2548,pending,,,no,
TXN2549,reconciled,49900,2026-07-10,no,
TXN2550,pending,,,no,
TXN2551,pending,99900,,no,awaiting_amount_confirmation
TXN2552,pending,49900,,no,awaiting_amount_confirmation
TXN2553,reconciled,499900,2026-08-13,no,
TXN2554,pending,,,no,
TXN2555,reconciled,49900,2026-08-13,no,
TXN2556,reconciled,499900,2026-08-31,no,
TXN2557,pending,,,no,
TXN2558,reconciled,9900,2026-09-02,no,
TXN2559,reconciled,49900,2026-08-26,no,
TXN2561,reconciled,19900,2026-07-31,yes,possible_duplicate_entry
TXN2561,reconciled,19900,2026-07-31,yes,possible_duplicate_entry
TXN2562,reconciled,19900,2026-08-31,no,
TXN2563,reconciled,49900,2026-08-20,no,
TXN2564,pending,,,no,
TXN2565,reconciled,9900,2026-08-10,no,
TXN2566,pending,,,no,
TXN2567,pending,,,no,
TXN2568,reconciled,49900,2026-08-21,no,
TXN2569,reconciled,29900,2026-08-19,no,
TXN2570,reconciled,29900,2026-07-07,no,
TXN2571,reconciled,19900,2026-08-16,no,
TXN2572,reconciled,49900,2026-07-30,no,
TXN2573,reconciled,99900,2026-09-01,no,
TXN2574,reconciled,29900,2026-08-29,no,
TXN2575,pending,,,no,
TXN2576,pending,,,no,
TXN2577,pending,,,no,
TXN2578,reconciled,499900,2026-09-01,no,
TXN2579,reconciled,19900,2026-07-18,no,
TXN2580,reconciled,29900,2026-08-02,no,
TXN2581,reconciled,9900,2026-08-30,no,
TXN2582,reconciled,99900,2026-07-05,no,
TXN2584,pending,,,no,
TXN2585,pending,,,no,
TXN2586,reconciled,49900,2026-07-16,no,
TXN2587,reconciled,99900,2026-08-04,no,
TXN2588,pending,,,no,
TXN2589,reconciled,9900,2026-08-03,no,
TXN2590,reconciled,29900,2026-08-12,no,
TXN2591,reconciled,9900,2026-08-18,no,
TXN2592,reconciled,49900,2026-07-14,no,
TXN2593,pending,,,no,
TXN2594,reconciled,199900,2026-08-30,no,
TXN2595,pending,,,no,
TXN2596,pending,9900,,no,awaiting_amount_confirmation
TXN2597,reconciled,199900,2026-07-23,no,
TXN2598,reconciled,49900,2026-08-09,no,
TXN2599,reconciled,49900,2026-08-07,no,
TXN2600,reconciled,29900,2026-07-26,no,
TXN2601,pending,,,no,
TXN2602,pending,9900,,no,awaiting_amount_confirmation
TXN2603,pending,19900,,no,awaiting_amount_confirmation
TXN2604,pending,,,no,
TXN2605,reconciled,999900,2026-08-12,no,
TXN2606,pending,,,no,
TXN2607,reconciled,29900,2026-08-19,no,
TXN2608,reconciled,999900,2026-08-11,no,
TXN2609,reconciled,199900,2026-07-18,no,
TXN2610,pending,199900,,no,awaiting_amount_confirmation
TXN2611,pending,499900,,no,awaiting_amount_confirmation
TXN2612,reconciled,199900,2026-08-08,no,
TXN2613,reconciled,49900,2026-07-09,no,
TXN2615,reconciled,499900,2026-08-03,no,
TXN2616,pending,,,no,
TXN2617,reconciled,9900,2026-07-12,no,
TXN2618,pending,,,no,
TXN2619,pending,,,no,
TXN2620,pending,,,no,
TXN2621,reconciled,49900,2026-08-13,no,
TXN2622,reconciled,29900,2026-07-26,no,
TXN2624,pending,,,no,
TXN2625,reconciled,9900,2026-07-23,no,
TXN2626,pending,,,no,
TXN2627,reconciled,99900,2026-09-01,no,
TXN2628,reconciled,29900,2026-07-16,no,
TXN2629,reconciled,999900,2026-07-04,no,
TXN2630,reconciled,99900,2026-08-21,no,
TXN2631,reconciled,49900,2026-07-06,no,
TXN2632,reconciled,19900,2026-07-26,no,
TXN2633,reconciled,999900,2026-07-28,no,
TXN2634,reconciled,9900,2026-07-09,no,
TXN2635,reconciled,99900,2026-08-30,no,
TXN2636,reconciled,29900,2026-07-16,no,
TXN2637,pending,,,no,
TXN2638,pending,,,no,
TXN2639,reconciled,29900,2026-07-22,no,
TXN2640,reconciled,499900,2026-07-22,no,
TXN2641,reconciled,29900,2026-08-10,no,
TXN2643,pending,,,no,
TXN2644,pending,,,no,
TXN2645,reconciled,99900,2026-07-10,no,
TXN2646,pending,,,no,
TXN2647,reconciled,199900,2026-08-01,no,
TXN2648,reconciled,999900,2026-07-19,no,
TXN2649,reconciled,49900,2026-07-15,no,
TXN2650,reconciled,999900,2026-07-25,no,
TXN2651,reconciled,29900,2026-08-13,no,
TXN2653,reconciled,9900,2026-07-21,no,
TXN2654,reconciled,499900,2026-07-26,no,
TXN2655,reconciled,99900,2026-07-10,yes,possible_duplicate_entry
TXN2655,reconciled,99900,2026-07-10,yes,possible_duplicate_entry
TXN2656,reconciled,19900,2026-08-21,no,
TXN2657,pending,,,no,
TXN2658,pending,,,no,
TXN2659,pending,,,no,
TXN2660,pending,,,no,
TXN2661,pending,,,no,
TXN2662,reconciled,9900,2026-07-11,no,
TXN2663,reconciled,199900,2026-08-27,no,
TXN2664,reconciled,499900,2026-07-09,no,
TXN2665,reconciled,199900,2026-08-04,no,
TXN2666,reconciled,29900,2026-09-02,no,
TXN2667,pending,499900,,no,awaiting_amount_confirmation
TXN2668,reconciled,29900,2026-07-20,no,
TXN2669,reconciled,99900,2026-07-31,yes,possible_duplicate_entry
TXN2669,reconciled,99900,2026-07-31,yes,possible_duplicate_entry
TXN2670,reconciled,9900,2026-08-31,no,
TXN2671,reconciled,19900,2026-07-09,no,
TXN2672,reconciled,499900,2026-07-18,no,
TXN2673,reconciled,999900,2026-08-02,no,
TXN2674,pending,,,no,
TXN2675,pending,,,no,
TXN2676,pending,,,no,
TXN2677,reconciled,19900,2026-08-18,no,
TXN2678,pending,,,no,
TXN2679,pending,,,no,
TXN2680,reconciled,9900,2026-08-24,no,
TXN2681,reconciled,499900,2026-07-30,no,
TXN2682,reconciled,49900,2026-08-04,no,
TXN2683,pending,,,no,
TXN2684,pending,,,no,
TXN2685,pending,,,no,
TXN2686,pending,,,no,
TXN2687,reconciled,999900,2026-08-21,no,
TXN2688,reconciled,999900,2026-07-06,no,
TXN2689,pending,,,no,
TXN2690,reconciled,99900,2026-08-02,yes,possible_duplicate_entry
TXN2690,reconciled,99900,2026-08-02,yes,possible_duplicate_entry
TXN2691,reconciled,499900,2026-07-13,no,
TXN2692,pending,,,no,
TXN2693,pending,,,no,
TXN2694,reconciled,999900,2026-07-22,no,
TXN2695,reconciled,49900,2026-08-03,no,
TXN2696,pending,,,no,
TXN2697,reconciled,19900,2026-08-25,no,
TXN2698,reconciled,199900,2026-07-15,no,
TXN2699,reconciled,49900,2026-09-01,no,
TXN2700,reconciled,19900,2026-08-31,no,
TXN2701,reconciled,199900,2026-08-23,no,
TXN2702,pending,,,no,
TXN2703,reconciled,9900,2026-08-19,no,
TXN2704,pending,,,no,
TXN2705,reconciled,29900,2026-08-24,no,
TXN2706,pending,,,no,
TXN2707,pending,,,no,
TXN2708,pending,,,no,
TXN2710,pending,19900,,no,awaiting_amount_confirmation
TXN2711,reconciled,999900,2026-08-24,no,
TXN2713,reconciled,19900,2026-08-22,no,
TXN2714,reconciled,29900,2026-09-01,no,
TXN2715,reconciled,19900,2026-08-29,no,
TXN2716,reconciled,999900,2026-08-20,no,
TXN2717,reconciled,199900,2026-07-09,no,
TXN2718,reconciled,49900,2026-07-30,no,
TXN2719,reconciled,499900,2026-08-06,no,
TXN2720,reconciled,999900,2026-08-31,no,
TXN2721,pending,,,no,
TXN2722,reconciled,99900,2026-08-18,yes,possible_duplicate_entry
TXN2722,reconciled,99900,2026-08-18,yes,possible_duplicate_entry
TXN2723,reconciled,19900,2026-07-14,no,
TXN2724,reconciled,999900,2026-07-23,no,
TXN2725,reconciled,99900,2026-08-07,no,
TXN2726,reconciled,99900,2026-08-19,no,
TXN2727,pending,,,no,
TXN2728,reconciled,9900,2026-08-04,no,
TXN2729,reconciled,29900,2026-07-23,no,
TXN2730,reconciled,999900,2026-07-08,no,
TXN2731,pending,99900,,no,awaiting_amount_confirmation
TXN2732,pending,,,no,
TXN2733,pending,,,no,
TXN2734,pending,,,no,
TXN2735,pending,,,no,
TXN2736,pending,,,no,
TXN2738,reconciled,999900,2026-07-23,no,
TXN2739,pending,,,no,
TXN2740,reconciled,499900,2026-07-11,no,
TXN2741,reconciled,99900,2026-08-28,no,
TXN2742,reconciled,49900,2026-08-15,no,
TXN2743,pending,,,no,
TXN2745,pending,,,no,
TXN2746,reconciled,49900,2026-07-17,no,
TXN2748,reconciled,99900,2026-07-25,no,
TXN2749,pending,499900,,no,awaiting_amount_confirmation
TXN2750,reconciled,9900,2026-08-04,no,
TXN2751,reconciled,19900,2026-07-11,no,
TXN2752,reconciled,49900,2026-08-08,no,
TXN2753,pending,199900,,no,awaiting_amount_confirmation
TXN2754,reconciled,999900,2026-08-18,no,
TXN2755,pending,499900,,no,awaiting_amount_confirmation
TXN2756,reconciled,29900,2026-08-01,no,
TXN2757,reconciled,99900,2026-08-14,no,
TXN2758,reconciled,99900,2026-07-25,no,
TXN2759,reconciled,9900,2026-08-13,no,
TXN2760,reconciled,99900,2026-08-19,no,
TXN2761,pending,,,no,
TXN2762,pending,,,no,
TXN2763,reconciled,499900,2026-07-10,no,
TXN2764,reconciled,999900,2026-08-08,no,
TXN2765,reconciled,99900,2026-08-28,no,
TXN2766,reconciled,499900,2026-07-18,no,
TXN2767,pending,99900,,no,awaiting_amount_confirmation
TXN2768,pending,49900,,no,awaiting_amount_confirmation
TXN2769,reconciled,29900,2026-08-16,no,
TXN2770,reconciled,99900,2026-08-31,no,
TXN2771,reconciled,29900,2026-07-10,no,
TXN2772,reconciled,999900,2026-07-18,no,
TXN2773,reconciled,9900,2026-07-08,no,
TXN2774,pending,9900,,no,awaiting_amount_confirmation
TXN2775,pending,,,no,
TXN2776,reconciled,49900,2026-09-02,yes,possible_duplicate_entry
TXN2776,reconciled,49900,2026-09-02,yes,possible_duplicate_entry
TXN2777,reconciled,99900,2026-07-08,no,
TXN2778,reconciled,99900,2026-08-07,no,
TXN2779,reconciled,49900,2026-07-18,no,
TXN2780,pending,,,no,
TXN2781,reconciled,99900,2026-08-02,no,
TXN2782,reconciled,9900,2026-07-09,no,
TXN2783,reconciled,49900,2026-08-05,no,
TXN2784,pending,,,no,
TXN2785,pending,,,no,
TXN2786,reconciled,9900,2026-08-29,no,
TXN2787,reconciled,999900,2026-08-26,no,
TXN2788,reconciled,9900,2026-07-06,yes,possible_duplicate_entry
TXN2788,reconciled,9900,2026-07-06,yes,possible_duplicate_entry
TXN2789,reconciled,499900,2026-07-23,no,
TXN2790,reconciled,49900,2026-08-04,no,
TXN2791,reconciled,499900,2026-07-12,no,
TXN2793,reconciled,49900,2026-09-02,no,
TXN2794,reconciled,9900,2026-07-14,no,
TXN2795,pending,499900,,no,awaiting_amount_confirmation
TXN2796,reconciled,999900,2026-08-28,no,
TXN2797,reconciled,999900,2026-08-31,no,
TXN2798,pending,,,no,
TXN2799,pending,9900,,no,awaiting_amount_confirmation
TXN2800,reconciled,99900,2026-07-21,no,
TXN2801,pending,,,no,
TXN2802,reconciled,29900,2026-07-04,no,
TXN2803,pending,,,no,
TXN2804,reconciled,9900,2026-08-05,no,
TXN2805,reconciled,9900,2026-08-29,no,
TXN2806,reconciled,29900,2026-07-10,no,
TXN2807,reconciled,29900,2026-07-19,no,
TXN2808,pending,199900,,no,awaiting_amount_confirmation
TXN2809,reconciled,999900,2026-07-11,no,
TXN2810,reconciled,999900,2026-07-12,no,
TXN2811,pending,,,no,
TXN2812,reconciled,999900,2026-07-27,no,
TXN2813,reconciled,19900,2026-07-10,yes,possible_duplicate_entry
TXN2813,reconciled,19900,2026-07-10,yes,possible_duplicate_entry
TXN2814,pending,99900,,no,awaiting_amount_confirmation
TXN2815,reconciled,499900,2026-07-21,no,
TXN2816,reconciled,49900,2026-07-10,no,
TXN2817,reconciled,999900,2026-07-27,no,
TXN2818,reconciled,49900,2026-07-05,no,
TXN2819,reconciled,999900,2026-07-20,no,
TXN2820,reconciled,49900,2026-08-22,no,
TXN2822,reconciled,499900,2026-07-26,no,
TXN2823,pending,,,no,
TXN2824,reconciled,19900,2026-09-02,no,
TXN2825,reconciled,499900,2026-08-29,no,
TXN2826,reconciled,199900,2026-08-05,yes,possible_duplicate_entry
TXN2826,reconciled,199900,2026-08-05,yes,possible_duplicate_entry
TXN2827,reconciled,29900,2026-07-25,yes,possible_duplicate_entry
TXN2827,reconciled,29900,2026-07-25,yes,possible_duplicate_entry
TXN2828,reconciled,19900,2026-09-02,yes,possible_duplicate_entry
TXN2828,reconciled,19900,2026-09-02,yes,possible_duplicate_entry
TXN2829,reconciled,19900,2026-08-16,yes,possible_duplicate_entry
TXN2829,reconciled,19900,2026-08-16,yes,possible_duplicate_entry
TXN2830,pending,,,no,
TXN2831,pending,29900,,no,awaiting_amount_confirmation
TXN2832,reconciled,9900,2026-08-02,no,
TXN2833,reconciled,19900,2026-08-08,no,
TXN2834,pending,,,no,
TXN2835,pending,9900,,no,awaiting_amount_confirmation
TXN2836,reconciled,9900,2026-08-02,no,
TXN2837,reconciled,99900,2026-07-27,no,
TXN2838,reconciled,19900,2026-09-02,no,
TXN2839,reconciled,499900,2026-08-17,no,
TXN2841,pending,,,no,
TXN2844,pending,,,no,
TXN2845,reconciled,19900,2026-07-17,no,
TXN2846,pending,199900,,no,awaiting_amount_confirmation
TXN2847,pending,,,no,
TXN2848,reconciled,499900,2026-07-31,no,
TXN2850,pending,19900,,no,awaiting_amount_confirmation
TXN2851,reconciled,29900,2026-08-25,no,
TXN2852,reconciled,49900,2026-07-04,no,
TXN2853,reconciled,9900,2026-08-30,no,
TXN2854,reconciled,29900,2026-08-17,no,
TXN2855,reconciled,99900,2026-08-22,no,
TXN2856,reconciled,499900,2026-08-26,no,
TXN2857,pending,,,no,
TXN2858,reconciled,49900,2026-07-05,no,
TXN2859,pending,,,no,
TXN2860,reconciled,9900,2026-08-08,no,
TXN2861,pending,499900,,no,awaiting_amount_confirmation
TXN2862,pending,,,no,
TXN2863,reconciled,9900,2026-07-22,no,
TXN2864,reconciled,499900,2026-08-28,no,
TXN2865,pending,,,no,
TXN2866,pending,,,no,
TXN2867,reconciled,499900,2026-08-18,no,
TXN2868,reconciled,9900,2026-07-29,no,
TXN2869,reconciled,199900,2026-08-02,no,
TXN2870,pending,,,no,
TXN2871,reconciled,499900,2026-07-28,no,
TXN2872,reconciled,29900,2026-08-21,no,
TXN2873,reconciled,19900,2026-08-22,no,
TXN2874,reconciled,19900,2026-09-01,no,
TXN2875,reconciled,99900,2026-07-21,no,
TXN2876,reconciled,49900,2026-08-04,no,
TXN2877,reconciled,19900,2026-07-03,no,
TXN2878,reconciled,999900,2026-07-06,no,
TXN2879,reconciled,499900,2026-07-12,no,
TXN2880,pending,29900,,no,awaiting_amount_confirmation
TXN2881,reconciled,499900,2026-07-20,no,
TXN2882,reconciled,9900,2026-07-12,no,
TXN2883,pending,,,no,
TXN2884,reconciled,29900,2026-08-04,yes,possible_duplicate_entry
TXN2884,reconciled,29900,2026-08-04,yes,possible_duplicate_entry
TXN2885,pending,19900,,no,awaiting_amount_confirmation
TXN2886,pending,,,no,
TXN2887,reconciled,29900,2026-07-18,no,
TXN2888,pending,,,no,
TXN2889,reconciled,29900,2026-08-15,no,
TXN2890,reconciled,499900,2026-07-31,no,
TXN2891,reconciled,499900,2026-08-01,no,
TXN2892,reconciled,999900,2026-08-23,no,
TXN2893,reconciled,499900,2026-07-30,no,
TXN2894,pending,,,no,
TXN2895,pending,,,no,
TXN2897,reconciled,999900,2026-08-29,no,
TXN2898,reconciled,49900,2026-08-01,no,
TXN2899,reconciled,19900,2026-07-15,no,
TXN2900,pending,,,no,
TXN2901,reconciled,19900,2026-07-05,no,
TXN2902,pending,,,no,
TXN2903,pending,199900,,no,awaiting_amount_confirmation
TXN2904,reconciled,29900,2026-08-22,no,
TXN2905,pending,,,no,
TXN2906,reconciled,999900,2026-08-30,no,
TXN2907,reconciled,19900,2026-07-15,no,
TXN2908,reconciled,499900,2026-08-17,no,
TXN2909,pending,,,no,
TXN2910,reconciled,9900,2026-08-26,no,
TXN2911,reconciled,999900,2026-08-04,no,
TXN2912,reconciled,499900,2026-08-08,no,
TXN2913,pending,,,no,
TXN2914,reconciled,199900,2026-07-21,no,
TXN2915,pending,,,no,
TXN2916,reconciled,49900,2026-08-20,no,
TXN2917,pending,,,no,
TXN2918,pending,,,no,
TXN2919,pending,499900,,no,awaiting_amount_confirmation
TXN2920,reconciled,499900,2026-07-05,no,
TXN2921,pending,99900,,no,awaiting_amount_confirmation
TXN2922,reconciled,29900,2026-07-18,yes,possible_duplicate_entry
TXN2922,reconciled,29900,2026-07-18,yes,possible_duplicate_entry
TXN2923,pending,,,no,
TXN2924,pending,,,no,
TXN2925,reconciled,29900,2026-09-01,no,
TXN2926,pending,,,no,
TXN2927,pending,,,no,
TXN2928,reconciled,199900,2026-09-01,no,
TXN2929,reconciled,199900,2026-08-09,no,
TXN2930,reconciled,499900,2026-07-04,no,
TXN2931,reconciled,99900,2026-08-20,no,
TXN2932,pending,,,no,
TXN2933,reconciled,29900,2026-07-22,no,
TXN2934,reconciled,99900,2026-07-11,no,
TXN2935,reconciled,99900,2026-08-07,no,
TXN2936,reconciled,29900,2026-07-14,no,
TXN2937,reconciled,9900,2026-09-02,no,
TXN2938,pending,,,no,
TXN2939,reconciled,199900,2026-08-17,no,
TXN2940,reconciled,99900,2026-08-22,no,
TXN2941,reconciled,9900,2026-08-04,yes,possible_duplicate_entry
TXN2941,reconciled,9900,2026-08-04,yes,possible_duplicate_entry
TXN2942,pending,,,no,
TXN2943,reconciled,999900,2026-07-12,no,
TXN2944,pending,49900,,no,awaiting_amount_confirmation
TXN2945,reconciled,9900,2026-07-14,no,
TXN2946,reconciled,29900,2026-08-01,no,
TXN2947,reconciled,9900,2026-07-31,no,
TXN2948,pending,9900,,no,awaiting_amount_confirmation
TXN2949,reconciled,19900,2026-08-27,no,
TXN2950,pending,,,no,
TXN2951,pending,,,no,
TXN2952,reconciled,9900,2026-07-13,no,
TXN2953,pending,199900,,no,awaiting_amount_confirmation
TXN2954,reconciled,199900,2026-07-14,no,
TXN2955,reconciled,199900,2026-08-19,no,
TXN2956,reconciled,29900,2026-08-06,no,
TXN2957,pending,,,no,
TXN2958,pending,9900,,no,awaiting_amount_confirmation
TXN2959,reconciled,99900,2026-08-30,no,
TXN2960,pending,49900,,no,awaiting_amount_confirmation
TXN2961,reconciled,29900,2026-07-11,no,
TXN2962,reconciled,19900,2026-07-31,no,
TXN2963,reconciled,19900,2026-08-25,no,
TXN2964,pending,,,no,
TXN2965,reconciled,999900,2026-07-12,no,
TXN2966,reconciled,19900,2026-08-05,no,
TXN2967,reconciled,29900,2026-08-29,no,
TXN2968,reconciled,49900,2026-08-14,yes,possible_duplicate_entry
TXN2968,reconciled,49900,2026-08-14,yes,possible_duplicate_entry
TXN2969,reconciled,499900,2026-07-24,no,
TXN2970,reconciled,49900,2026-07-17,no,
TXN2971,reconciled,29900,2026-08-31,yes,possible_duplicate_entry
TXN2971,reconciled,29900,2026-08-31,yes,possible_duplicate_entry
TXN2972,reconciled,199900,2026-08-13,no,
TXN2973,reconciled,29900,2026-07-15,no,
TXN2975,reconciled,499900,2026-08-07,no,
TXN2976,pending,,,no,
TXN2977,reconciled,19900,2026-08-03,yes,possible_duplicate_entry
TXN2977,reconciled,19900,2026-08-03,yes,possible_duplicate_entry
TXN2978,reconciled,9900,2026-07-15,no,
TXN2979,reconciled,99900,2026-07-16,no,
TXN2980,pending,,,no,
TXN2982,reconciled,499900,2026-08-09,no,
TXN2983,pending,,,no,
TXN2984,pending,99900,,no,awaiting_amount_confirmation
TXN2985,reconciled,999900,2026-07-15,no,
TXN2986,pending,,,no,
TXN2987,pending,,,no,
TXN2988,reconciled,49900,2026-07-13,no,
TXN2989,reconciled,199900,2026-08-07,no,
TXN2990,pending,9900,,no,awaiting_amount_confirmation
TXN2991,reconciled,499900,2026-08-04,no,
TXN2992,reconciled,99900,2026-07-31,no,
TXN2993,pending,,,no,
TXN2994,reconciled,199900,2026-07-09,no,
TXN2995,reconciled,49900,2026-07-20,no,
TXN2996,pending,,,no,
TXN2997,reconciled,99900,2026-08-04,no,
TXN2998,reconciled,29900,2026-07-07,no,
TXN2999,reconciled,9900,2026-08-15,yes,possible_duplicate_entry
TXN2999,reconciled,9900,2026-08-15,yes,possible_duplicate_entry
TXN3000,reconciled,99900,2026-08-05,yes,possible_duplicate_entry
TXN3000,reconciled,99900,2026-08-05,yes,possible_duplicate_entry
