gateway_status,bank_status,ledger_status,amount_match,result_label,explanation_template
captured,processed,reconciled,yes,COMPLETED,"Payment was captured, settled to your bank, and reconciled in the ledger. No action needed."
captured,pending,pending,n/a,BANK_DELAY,"Payment succeeded but the bank settlement is still pending, likely due to {remarks}."
captured,failed,pending,n/a,BANK_FAILURE,Payment succeeded but the bank settlement failed: {remarks}. Needs manual bank-side review.
captured,processed,pending,no,RECONCILIATION_EXCEPTION,Bank settled a different amount than expected — possible fee deduction or partial payout.
captured,missing,pending,n/a,INVESTIGATION_INCOMPLETE,No matching bank record found. Cannot confirm settlement status — flagged for manual review.
captured,processed,missing,n/a,INVESTIGATION_INCOMPLETE,"Bank confirms settlement, but no ledger entry exists yet. Possible sync delay — flagged for review."
captured,processed,reconciled (x2),yes,DUPLICATE_ENTRY_EXCEPTION,Multiple ledger entries found for the same transaction — possible duplicate recording.
captured,processed (x2),reconciled,yes (sum),PARTIAL_SETTLEMENT,Transaction was settled in multiple parts. Combined settled amount matches the original payment.
failed,missing,missing,n/a,PAYMENT_FAILED,Payment was not successful at the gateway stage — no settlement was expected.
